Index,trx,ns,nh,nd,nc,ss,sh,sd,sc,es,eh,ed,ec,ws,wh,wd,wc
0,8,K843,K4,K862,A85,J95,QT9,JT74,QJ9,A,A87532,3,KT632,QT762,J6,AQ95,74
1,6,AJ74,AT82,J2,Q96,K32,Q743,K9,J754,5,K9,QT8763,AK32,QT986,J65,A54,T8
2,8,743,J83,AK6542,2,QJ86,K74,JT,AKQT,AKT,QT6,Q93,9654,952,A952,87,J873
3,5,KQT7,J542,Q83,K9,J64,KQ97,4,AJ765,A53,A3,AJ96,QT83,982,T86,KT752,42
4,9,8732,Q932,A972,8,5,AKT54,5,AKQ752,QJ96,7,KT8643,96,AKT4,J86,QJ,JT43
5,6,K974,84,984,AQT6,T6,KT932,A53,J94,AJ532,A765,T7,K2,Q8,QJ,KQJ62,8753
6,7,KT2,A6,QJ65,6532,Q63,Q532,93,AJ98,J974,J74,KT42,T7,A85,KT98,A87,KQ4
7,9,QT3,J5432,AQ4,A9,AK972,6,K63,T653,86,KT98,82,QJ742,J54,AQ7,JT975,K8
8,5,T3,743,A92,AK932,J765,QJ92,J53,76,AQ942,AKT,Q4,Q84,K8,865,KT876,JT5
9,3,J874,J,J84,JT543,965,Q932,AQ753,2,AKQT,K64,KT962,9,32,AT875,-,AKQ876
10,9,K3,AJT2,Q86,AT83,JT942,K8,AJ75,96,Q8765,Q54,942,J7,A,9763,KT3,KQ542
11,10,AKT5,62,KJ98,KJ9,Q9874,QT87,AQ,T3,J6,KJ9543,53,A74,32,A,T7642,Q8652
12,8,J543,JT6,AT92,K3,AT872,K3,Q3,AT95,K,A987,KJ74,QJ74,Q96,Q542,865,862
13,5,Q86,Q53,Q3,J8765,92,AJ74,AKT952,T,AJ43,T982,J76,32,KT75,K6,84,AKQ94
14,5,32,96,854,AJT965,K74,JT53,AQT7,KQ,AQ986,K82,632,42,JT5,AQ74,KJ9,873
15,11,97,A32,JT2,AT987,AQJ5,K986,Q75,QJ,T862,JT54,AK3,K3,K43,Q7,9864,6542
16,5,J9754,KT743,75,6,82,Q,KQ43,AJT432,Q,AJ986,JT96,Q98,AKT63,52,A82,K75
17,3,AQT9752,J,87,973,3,AT75,A432,QT65,8,KQ962,KJT96,82,KJ64,843,Q5,AKJ4
18,8,AKJ95,AT75,3,T95,QT873,K,K8542,K7,42,Q9864,AQ7,864,6,J32,JT96,AQJ32
19,3,K82,KJ9,T964,T96,J9765,6,32,AK743,AT43,T87,AK7,QJ8,Q,AQ5432,QJ85,52
20,9,AJ4,KQJ96,J,AQ52,Q98,A83,Q642,K76,762,7542,A953,83,KT53,T,KT87,JT94
21,10,AKJ9,AJ932,-,AQ85,QT65,5,AQT94,T93,732,KT876,J65,J6,84,Q4,K8732,K742
22,5,9654,AK6,A5,QJ87,-,QJ93,K743,KT654,AQT8732,852,J86,-,KJ,T74,QT92,A932
23,2,KT654,T,842,KT42,8732,Q73,T9,AJ85,AQ,KJ985,AJ765,7,J9,A642,KQ3,Q963
24,5,QJ,AQ8,Q8642,986,KT64,JT754,9,QJ5,A932,3,AT753,743,875,K962,KJ,AKT2
25,7,Q874,AJ4,A7532,Q,K92,5,K94,A98763,JT63,KQT63,T,K42,A5,9872,QJ86,JT5
26,7,A8762,AQ73,97,95,953,JT98,AK,QT63,QT,K6542,QT85,J8,KJ4,-,J6432,AK742
27,5,QT742,-,873,QJ932,J85,QT6,962,AK75,AK963,A9,AQ54,T6,-,KJ875432,KJT,84
28,3,QT982,A,KT974,76,KJ54,KT2,J52,Q85,A,J9,A83,AKJT943,763,Q876543,Q6,2
29,7,Q843,JT3,J9876,A,KJ952,A8,AT42,T7,T7,Q95,Q3,865432,A6,K7642,K5,KQJ9
30,9,J87,K83,A4,JT985,AQT64,AJ2,QT92,7,5,QT75,KJ87,K432,K932,964,653,AQ6
31,2,QJ87654,K874,3,9,9,JT65,QT6,JT743,KT2,Q9,7542,AK86,A3,A32,AKJ98,Q52
32,3,Q6,5,J965,Q98742,KT94,976,A73,K63,A53,AJ8432,4,JT5,J872,KQT,KQT82,A
33,5,JT2,AK62,AJ964,A,Q84,Q754,82,J852,9653,JT83,K5,K96,AK7,9,QT73,QT743
34,5,QJT97,A8,J943,Q4,6,KQJ963,K8765,7,K82,T75,T2,AKT98,A543,42,AQ,J6532
35,4,3,A75,9863,KT874,JT742,J963,AJ7,3,AK865,42,T52,QJ9,Q9,KQT8,KQ4,A652
36,11,KQJ92,K75,A54,84,-,Q,KT9862,AKQJ95,A874,JT94,73,T72,T653,A8632,QJ,63
37,1,T742,T3,A932,Q84,KQ93,K6,QJ84,652,J6,AQ9742,T6,KT9,A85,J85,K75,AJ73
38,7,KT7654,AJ9,A984,-,A3,KT876,QJ65,95,J92,5432,7,QJT83,Q8,Q,KT32,AK7642
39,6,52,AJT872,53,AKJ,AK9,-,JT976,T9876,84,Q643,Q42,Q532,QJT763,K95,AK8,4
40,5,J8,J82,AQ863,KT7,AK542,T54,J75,84,Q96,AK9,T92,AJ96,T73,Q763,K4,Q532
41,8,AKQ74,AQ,K742,T4,T953,9543,T,KJ53,J62,K72,QJ85,A82,8,JT86,A963,Q976
42,8,AKJ6542,QT4,JT,T,T97,J97,AQ8,J865,83,AK865,K7532,3,Q,32,964,AKQ9742
43,6,T853,53,A953,AJ9,Q62,9642,KQ8,Q74,A,KJT7,J7642,T63,KJ974,AQ8,T,K852
44,9,K4,T7,Q8764,QJT5,AQ865,AQ3,5,A642,T97,KJ96542,93,K,J32,8,AKJT2,9873
45,5,98,J542,Q764,943,AT5,AKQT,KJ2,KJ8,K3,986,T8,AQT765,QJ7642,73,A953,2
46,1,KJ764,8652,85,J4,T852,43,A,T98652,3,AKT9,KQT93,Q73,AQ9,QJ7,J7642,AK
47,6,Q9832,AQ82,-,KJ75,AJ74,J64,AQ7,843,KT65,973,KT652,9,-,KT5,J9843,AQT62
48,4,QJ72,T,T642,8543,8,K965,KQ8,KJT96,A6,AJ84,A9753,Q2,KT9543,Q732,J,A7
49,7,KQ85,5,Q653,QJ95,A9743,J9,A9,A872,T,AKQ6,JT842,KT3,J62,T87432,K7,64
50,7,A7,K,KJ9765,6543,T6542,92,A43,K98,Q3,JT874,T82,QT7,KJ98,AQ653,Q,AJ2
51,6,AJ43,AJ7632,A2,4,85,KT,QJ9754,873,62,Q854,K6,KQ965,KQT97,9,T83,AJT2
52,8,AQ963,AK95,9,542,KJ84,T3,Q832,K63,7,Q82,AKJ764,T87,T52,J764,T5,AQJ9
53,6,J8,AJT76,K8754,8,KQ64,8532,T,A765,953,Q94,AQ92,KJ3,AT72,K,J63,QT942
54,2,K,8532,Q85432,J3,7543,K7,KJ9,Q842,AQJT8,JT9,-,A9765,962,AQ64,AT76,KT
55,10,J8763,97,AQ8,Q43,KQ54,AQT2,53,K75,T9,63,JT976,9862,A2,KJ854,K42,AJT
56,2,JT9832,JT7,4,954,A4,Q2,J76,KT8763,K76,A96,AKQ983,J,Q5,K8543,T52,AQ2
57,6,K62,A5,T4,KJT765,AQ74,QT43,Q8,932,853,K9876,K62,A8,JT9,J2,AJ9753,Q4
58,9,KT54,9,Q84,AKQ75,AJ762,QJ43,T2,63,98,K765,AKJ95,J8,Q3,AT82,763,T942
59,5,A8542,J764,KJ,A8,K6,T953,AT872,T9,QJ973,K,Q53,K765,T,AQ82,964,QJ432
60,5,74,AQT5,AJ94,K73,9853,J97,T7,T652,AQ2,643,86,QJ984,KJT6,K82,KQ532,A
61,4,K74,J43,JT97532,-,Q85,KQT75,K,QT53,T632,A986,Q4,K97,AJ9,2,A86,AJ8642
62,6,A9763,QJ,KQ6,K83,Q52,T7532,95,QT6,J84,K964,8743,54,KT,A8,AJT2,AJ972
63,12,K8,K53,76,AQJ742,AQ75,AT2,KQ853,3,JT43,J87,JT2,KT6,962,Q964,A94,985
64,9,2,KT972,A82,AK42,AQJT8,A654,6,T63,K653,J3,KQT73,95,974,Q8,J954,QJ87
65,8,8763,7,KQJ93,K82,K92,AJ654,A86,96,Q54,982,T52,AQJ3,AJT,KQT3,74,T754
66,4,AJ,A953,6532,J96,Q8542,QT72,KJ8,5,963,86,T7,AKT432,KT7,KJ4,AQ94,Q87
67,7,964,T,J8,AKQJT93,AJT7,AKQJ2,973,4,K8,943,AQT542,62,Q532,8765,K6,875
68,3,K943,AQ95,86,J82,Q8,432,T52,97653,AT,KJ76,AKQJ9,T4,J7652,T8,743,AKQ
69,5,Q94,A43,J943,Q74,AJT7,KQ92,T762,6,K862,T5,A8,K9832,53,J876,KQ5,AJT5
70,3,4,AQ872,J652,T82,AKT9,KT65,84,975,7653,J3,A9,KQJ63,QJ82,94,KQT73,A4
71,6,J76542,KT54,J2,A,AQT3,Q632,KT,J87,K9,A97,6543,QT53,8,J8,AQ987,K9642
72,10,J732,AJT4,KQJ3,2,AK5,K3,T9742,AQT,964,97,85,KJ9853,QT8,Q8652,A6,764
73,4,JT7,J763,J2,A986,Q954,Q92,A8643,Q,A,A854,T95,JT532,K8632,KT,KQ7,K74
74,6,AKT64,K743,T5,43,97,JT6,AK92,9752,52,A9,8763,KQJT6,QJ83,Q852,QJ4,A8
75,6,962,QJ6,KQJ65,T6,T,AKT874,T7,AQJ2,KQ4,92,942,K9853,AJ8753,53,A83,74
76,2,9865,Q95,KJT8,AT,T7432,T42,Q42,82,AKQJ,AJ3,53,J975,-,K876,A976,KQ643
77,6,A8,KQ53,KJT3,JT6,QT643,A762,Q5,87,9752,T98,842,K95,KJ,J4,A976,AQ432
78,5,4,T74,KQ754,AJ62,A92,832,T98,KQ84,T865,AK95,632,T5,KQJ73,QJ6,AJ,973
79,4,K65,63,AK6,J7432,-,AK97,QT973,9865,J872,QT854,J84,Q,AQT943,J2,52,AKT
80,7,QT863,KT5,2,KJ43,K54,QJ92,KQ93,65,J9,87643,J86,A98,A72,A,AT754,QT72
81,6,T9,T984,AT9,AQ98,A4,Q65,Q8754,432,KJ52,K3,J632,KT7,Q8763,AJ72,K,J65
82,8,Q974,KQ76,K8,AK8,A832,943,AJT62,6,T5,AJT5,Q93,QJT4,KJ6,82,754,97532
83,2,KQ43,Q5,Q8,J8764,J96,3,KJT976,K32,AT72,T97,532,AQ9,85,AKJ8642,A4,T5
84,11,3,AK972,AK32,AK4,AJ9,T6,QJ76,T873,Q42,Q53,T9854,Q2,KT8765,J84,-,J965
85,6,K53,54,765,AQ865,A986,AK87,932,93,QT742,J632,KT,K4,J,QT9,AQJ84,JT72
86,2,AT85,T82,4,A9752,QJ9743,76,J75,J4,K2,AJ,AQ862,KQT6,6,KQ9543,KT93,83
87,6,JT764,T9,AK,QJ65,K983,Q85,98,K982,Q2,AJ763,QJ75,73,A5,K42,T6432,AT4
88,6,QT76,AT932,J74,T,54,KQ4,K832,AQ92,KJ982,8,AQT,KJ86,A3,J765,965,7543
89,3,KQ762,QJ6432,K8,-,JT8,KT,QJT5,9875,94,87,63,AKJT642,A53,A95,A9742,Q3
90,11,QJ2,Q84,QJ4,AQT3,AT9,A73,K8,J9842,853,K9652,6532,K,K764,JT,AT97,765
91,5,Q6,T9,K84,AJT862,AT9,J865,Q75,754,K82,AQ4,AJT963,9,J7543,K732,2,KQ3
92,7,AK6,QJ95,73,QT72,42,A87643,AKQ92,-,QT98753,-,T8,A943,J,KT2,J654,KJ865
93,8,9843,AK2,T85,A98,K72,874,AK3,K732,T,T653,Q764,J654,AQJ65,QJ9,J92,QT
94,6,8632,KQT82,T843,-,KT74,AJ3,2,AKQ52,Q95,9764,AQ,JT94,AJ,5,KJ9765,8763
95,8,Q842,AQ7,9832,AJ,A5,K952,QT5,K864,KJ7,T8643,A,T752,T963,J,KJ764,Q93
96,4,K62,974,95,K6532,987,Q3,AKT2,QT84,AQ54,AK2,QJ874,9,JT3,JT865,63,AJ7
97,11,A3,KQT865,AK42,9,KQ,A432,QJ9,QJ83,T754,J97,76,T742,J9862,-,T853,AK65
98,5,J82,KQ742,T,AJ87,AKQ3,3,643,T9543,T764,J965,AK,K62,95,AT8,QJ98752,Q
99,8,AKQ,QJ643,A85,K6,432,A952,632,Q54,T9865,K7,KQT,J73,J7,T8,J974,AT982
100,8,AQ98,75,QT972,43,5,QJ82,AJ84,AKT8,JT73,A3,K653,Q92,K642,KT964,-,J765
101,3,J9,JT5,AQT7642,8,432,K32,5,QT6542,QT765,9764,KJ9,J,AK8,AQ8,83,AK973
102,5,A853,QJ8,Q,AJ964,Q974,63,T652,QT3,2,95,AJ98743,K85,KJT6,AKT742,K,72
103,6,Q,QT96,AT9875,AQ,J94,K,K643,J9874,AT7632,J75,Q,KT3,K85,A8432,J2,652
104,3,A42,75,K9,AKJ765,JT875,JT642,T2,9,93,K93,Q6543,Q82,KQ6,AQ8,AJ87,T43
105,11,765,8,AKJ2,AQJ87,A83,K753,643,T92,KQ942,QT2,QT9,K3,JT,AJ964,875,654
106,7,AKJ8,832,QT2,A52,QT9643,K96,K9,Q4,-,AJ54,A83,JT9763,752,QT7,J7654,K8
107,5,J4,AQ6,AQ52,8543,7653,KT72,J9,KQ2,AKQT92,43,64,J96,8,J985,KT873,AT7
108,7,J842,AJ65,J42,74,AT73,K2,A8,KQ986,Q965,74,K976,AJT,K,QT983,QT53,532
109,8,K98,865,AJ8,K863,AJ,QT74,Q642,A54,7642,KJ3,KT9,QT2,QT53,A92,753,J97
110,3,KQ9,KT965,9652,2,53,72,JT74,Q8653,AJT764,8,AQ83,J9,82,AQJ43,K,AKT74
111,6,87642,A94,A9653,-,J3,K873,Q,AKT943,QT9,Q2,82,J87652,AK5,JT65,KJT74,Q
112,4,Q9763,632,54,KJT,J842,AKJ94,983,8,KT,Q875,Q7,Q9642,A5,T,AKJT62,A753
113,6,T75,J5,KT5,KJT86,43,QT973,AQ97,Q3,J962,A62,82,A974,AKQ8,K84,J643,52
114,7,A932,JT7,K4,9875,764,A9,AJ83,AQ62,QJ,KQ3,QT765,KJ3,KT85,86542,92,T4
115,5,98762,Q3,K95,KQ9,QT43,J964,42,AT3,AK,KT85,AQT83,82,J5,A72,J76,J7654
116,11,754,AK9,AKQ9543,-,KT93,QT,T,QJT432,J6,J76,86,K98765,AQ82,85432,J72,A
117,7,54,J975,QT986,64,T,AKQT,AJ2,AKT98,AJ8732,6432,-,752,KQ96,8,K7543,QJ3
118,9,AT2,8432,Q3,AK86,6,AKQ765,T762,94,KQ75,JT9,AK4,Q32,J9843,-,J985,JT75
119,1,953,J7,KQ92,T842,42,T42,T543,A963,AKQJ87,Q63,6,J75,T6,AK985,AJ87,KQ
120,5,KQJ85,65,QJT,932,T96,AT92,864,QJ6,A42,QJ83,-,AKT754,73,K74,AK97532,8
121,7,K5,A52,9,AQT9763,T983,KT86,KJ654,-,764,Q7,8732,8542,AQJ2,J943,AQT,KJ
122,4,K85,K9863,A85,96,QT9,J72,K43,J753,A7432,-,Q762,AK84,J6,AQT54,JT9,QT2
123,12,KQ96,K4,AKJ75,64,A73,AJ53,8,AK852,854,T972,T964,T7,JT2,Q86,Q32,QJ93
124,7,T963,K763,AKT85,-,AK8,95,742,QT863,J4,QJ4,963,A9754,Q752,AT82,QJ,KJ2
125,9,AQ653,AK2,65,983,JT97,Q5,AJ32,KJ4,84,J8763,Q74,A62,K2,T94,KT98,QT75
126,2,-,T98,6432,AQT732,Q987,A653,J97,84,AJ62,KQJ2,QT,965,KT543,74,AK85,KJ
127,6,KJT962,94,94,AQ7,75,AKQJ6,J853,J3,843,T8753,AQT,84,AQ,2,K762,KT9652
128,7,9542,6,A974,AJ98,T,KQ84,KQJ85,K76,Q73,J92,T32,Q542,AKJ86,AT753,6,T3
129,6,542,Q76,A98,K654,AK863,KJ9,762,T2,9,3,KQT43,AQJ873,QJT7,AT8542,J5,9
130,3,9862,T76,T953,Q2,A5,K983,KQ6,J543,KT7,AQJ2,AJ72,K8,QJ43,54,84,AT976
131,8,Q9,AQJT7,T9852,K,J76432,K84,K4,A5,AKT,532,J63,J873,85,96,AQ7,QT9642
132,7,9732,AKT98,A62,T,AQT,72,KJ9874,98,KJ854,54,QT,K763,6,QJ63,53,AQJ542
133,7,QJT843,8,J53,A74,A,K73,K942,K9653,K9652,AQ6,AQ6,QJ,7,JT9542,T87,T82
134,6,AKQ4,J8,9853,K43,632,KQ7643,Q2,QJ,J985,T9,AKT,A752,T7,A52,J764,T986
135,6,853,A762,AQT3,82,74,JT943,KJ52,AJ,KJ9,KQ,874,T7654,AQT62,85,96,KQ93
136,7,2,AK93,KQT2,JT98,AT63,7654,J974,A,J74,JT8,8,KQ5432,KQ985,Q2,A653,76
137,0,J2,763,T97,QJ653,985,AK984,Q5,742,K3,QT2,AKJ32,T98,AQT764,J5,864,AK
138,12,T4,AQ872,J52,KJ7,AKQ7532,K4,A7,Q4,86,963,Q8,AT9865,J9,JT5,KT9643,32
139,2,KT32,Q6,J,T75432,J8,753,QT74,KQ86,AQ4,AJT92,K92,J9,9765,K84,A8653,A
140,2,KT86,9,JT53,KJ64,A932,T53,KQ97,82,QJ74,AQJ,864,T53,5,K87642,A2,AQ97
141,7,K9765,J4,QT9,A84,AJ8,KQ,J843,Q972,32,T98632,K62,T3,QT4,A75,A75,KJ65
142,9,Q92,-,K9832,AJ743,KJ7,AKQ8,T7,QT86,A86543,JT632,5,5,T,9754,AQJ64,K92
143,3,QT52,AQ987532,-,4,J6,KJ64,K9432,J8,K983,T,A65,QT632,A74,-,QJT87,AK975
144,7,AQ3,Q4,63,AKJT43,642,5,AJT872,982,7,AJT732,K95,Q75,KJT985,K986,Q4,6
145,4,Q94,Q86,K86532,K,3,KJ952,94,AJ964,KJT752,7,AJ7,Q72,A86,AT43,QT,T853
146,9,K9743,T975,J74,5,AQ6,AJ63,AKQT,K3,2,Q82,9653,T8642,JT85,K4,82,AQJ97
147,7,QJT8,T95,K6,T976,4,AKJ64,AJ74,Q42,AK2,-,QT98532,A83,97653,Q8732,-,KJ5
148,6,KQ97,T85,A8,K872,T8653,K7,953,JT6,42,J432,KQJT,AQ4,AJ,AQ96,7642,953
149,5,7,AQJ93,KJ975,97,J9842,65,T,KQJ65,AKQT65,K42,432,8,3,T87,AQ86,AT432
150,6,A84,K752,JT974,9,72,96,AK852,AKJ5,KT9653,843,Q63,7,QJ,AQJT,-,QT86432
151,7,KJT53,2,AK87,AQT,984,J43,Q952,972,AQ2,KT85,T6,KJ84,76,AQ976,J43,653
152,8,843,9876,4,KJT65,AT2,KT,AKT83,A97,KJ9,A52,J965,832,Q765,QJ43,Q72,Q4
153,1,K3,J96,QJ82,9732,AT9542,742,6,854,7,K5,AT975,AKQT6,QJ86,AQT83,K43,J
154,8,JT7,AKJ65,964,J9,K43,32,AQ8,QT843,952,Q984,T732,72,AQ86,T7,KJ5,AK65
155,6,QJ97,Q2,A7,AJ764,T6532,J76,K654,8,K8,T983,JT92,KT9,A4,AK54,Q83,Q532
156,0,T62,Q,6543,98762,973,2,AKJT987,T5,AK85,AJ9654,2,K3,QJ4,KT873,Q,AQJ4
157,3,J975,9632,7,AKT7,83,QT84,A9853,64,AT6,KJ,KT42,J953,KQ42,A75,QJ6,Q82
158,2,KQT6,AT843,T7,97,97532,7,432,KT84,-,QJ652,AQJ985,Q6,AJ84,K9,K6,AJ532
159,10,AK9,K3,QJT98,T97,Q76,QT2,7,AQ8632,J532,AJ8764,K3,4,T84,95,A6542,KJ5
160,6,98,A9852,AK85,43,QJT65,4,QJ763,J2,A32,KQ3,T9,AQ765,K74,JT76,42,KT98
161,8,Q765,53,AQT843,4,T982,K4,K7,A8752,-,QJT9872,J,QT963,AKJ43,A6,9652,KJ
162,4,AT65,J53,AKJ842,-,Q843,A97,965,985,J9,KQT86,T,QT763,K72,42,Q73,AKJ42
163,4,AJ63,JT87,Q853,K,54,Q642,AJ62,JT7,Q982,A3,T,A86432,KT7,K95,K974,Q95
164,8,A964,K7,QT763,84,KT8,AQ54,K,AJ953,QJ753,T2,92,QT72,2,J9863,AJ854,K6
165,6,KJ3,983,T875,K85,82,A764,J63,AQ64,AT96,KQ2,AQ9,J97,Q754,JT5,K42,T32
166,2,983,A762,Q97,J93,5,T94,KJ84,KQ872,QJT762,KQ85,A,A5,AK4,J3,T6532,T64
167,8,AKT3,A5,AKJ8,542,Q987,QJT86,2,J93,62,3,QT975,AQ876,J54,K9742,643,KT
168,2,K4,Q643,QJ4,QT32,T862,K82,975,854,J753,T7,T632,J96,AQ9,AJ95,AK8,AK7
169,6,K832,QJ8,K82,T43,QJ,AT764,QJT53,7,975,932,A7,AJ986,AT64,K5,964,KQ52
170,0,J86543,96,Q9654,-,T,T7,A872,K86432,97,AQJ8542,J,AQ9,AKQ2,K3,KT3,JT75
171,8,KJ2,4,AQT9,KQJ76,AT73,K53,54,9854,Q9,JT62,K732,AT2,8654,AQ987,J86,3
172,4,62,A654,AT3,KJ73,J983,873,Q762,Q8,KT4,T9,J985,AT52,AQ75,KQJ2,K4,964
173,0,-,QT9753,J3,QJ842,8,J6,AKQT98742,7,AKQJT652,A84,5,K,9743,K2,6,AT9653
174,6,JT852,QT73,6,762,AQ9,A982,AKQ75,8,K63,K5,T842,QT53,74,J64,J93,AKJ94
175,0,J8632,AT9864,Q,T,4,KQ7,J843,98543,AQT97,2,AT952,72,K5,J53,K76,AKQJ6
176,7,76,QJ8,QJ982,AQJ,AQ43,95432,A64,2,K952,A6,K53,8764,JT8,KT7,T7,KT953
177,5,74,KQT75,865,QJ6,Q32,9,JT932,AK32,A98,A64,AKQ7,984,KJT65,J832,4,T75
178,6,AJT32,74,Q53,982,4,QT9865,AJ,KQJ6,K,AKJ,KT762,AT74,Q98765,32,984,53
179,10,5,KJ9542,KQT8,J8,KJ874,A7,J32,KT7,93,T63,A975,9643,AQT62,Q8,64,AQ52
180,9,65,8,AQ87643,A76,KJ74,JT92,K,KT93,QT,AK3,T92,QJ852,A9832,Q7654,J5,4
181,0,T94,T43,Q8542,92,7532,QJ975,96,J3,AQJ,6,J73,AK8654,K86,AK82,AKT,QT7
182,8,876543,JT8,965,A,-,AKQ6543,KQJ4,J6,KT2,2,T732,QT982,AQJ9,97,A8,K7543
183,1,A62,Q62,QJ94,K43,T94,3,7653,JT952,KQJ53,A87,AT8,76,87,KJT954,K2,AQ8
184,2,QT63,A943,4,J432,542,K8765,97,985,AK98,Q2,AQT6,AQT,J7,JT,KJ8532,K76
185,1,AK7,92,8752,T532,T854,T74,QT963,7,Q32,J83,AKJ4,AJ9,J96,AKQ65,-,KQ864
186,5,5,986543,974,983,T8,K72,AKJ6,AK64,A764,QJT,T2,QT72,KQJ932,A,Q853,J5
187,3,A87,A962,64,K653,32,QJT875,T5,J98,QT654,K4,AK982,A,KJ9,3,QJ73,QT742
188,5,952,Q4,AQJT43,QJ,KT86,T,K976,T632,Q743,98652,8,K85,AJ,AKJ73,52,A974
189,1,Q42,JT74,92,AQ76,875,953,J764,952,A963,K8,T53,JT84,KJT,AQ62,AKQ8,K3
190,8,AT742,AQ,Q82,754,K8,K953,K6,KQJT3,J653,J76,J43,A82,Q9,T842,AT975,96
191,10,AJ3,QJ94,874,Q62,KT5,AKT7,KJT,AT5,Q97,832,Q63,K843,8642,65,A952,J97
192,4,9842,AT,J62,Q872,T,KJ64,7,AKJT964,KJ73,9832,KQ98,5,AQ65,Q75,AT543,3
193,6,T84,KQ86,5,AK743,Q652,J74,AT974,J,973,T32,QJ62,986,AKJ,A95,K83,QT52
194,3,Q8,KT875,Q86,AT2,KJT7542,-,42,J543,9,AJ4,AJ753,KQ86,A63,Q9632,KT9,97
195,2,K9653,T94,J6,J42,A872,Q752,QT42,K,QT4,83,AK8,AT973,J,AKJ6,9753,Q865
196,3,7,QJT6,AQT953,84,AQ95432,32,J7,J7,KJT,K95,-,AKQ6532,86,A874,K8642,T9
197,5,Q5,97,Q9862,AQ83,97,AQ32,AJT753,7,K63,65,K4,T96542,AJT842,KJT84,-,KJ
198,3,JT72,T65,AQ86,83,9865,AJ9,743,K64,Q43,Q84,2,AT9752,AK,K732,KJT95,QJ
199,2,AQ2,QT3,82,J9742,T94,876,QT6,Q653,KJ8,K94,KJ97,AKT,7653,AJ52,A543,8
200,7,A3,KJ543,T4,T632,QJ92,96,AKJ83,QJ,T874,72,96,AK875,K65,AQT8,Q752,94
201,2,865,AJT3,J53,K42,T2,9874,T987,T63,KQJ3,KQ,Q64,AQJ7,A974,652,AK2,985
202,7,9842,KQ76,J6,QT9,A5,9,AQ832,KJ764,QJ76,543,T97,853,KT3,AJT82,K54,A2
203,8,AJ87,KJ8,KT9,Q63,54,A962,AQ83,J52,KT62,753,J7,A984,Q93,QT4,6542,KT7
204,2,AQJ72,98652,92,3,KT986,T3,QJ6,854,54,KJ,T843,KQJT7,3,AQ74,AK75,A962
205,5,K3,T73,KT65,KQ76,76,KQ642,QJ9,J43,9852,9,A87,A9852,AQJT4,AJ85,432,T
206,8,A743,QJ2,AT3,A82,KJT2,KT976,75,T6,965,-,KQJ92,KJ975,Q8,A8543,864,Q43
207,2,J8762,AQ6,873,63,K3,KT984,K5,T952,AQ5,7,AJ642,AQJ8,T94,J532,QT9,K74
208,8,Q,AQJT9762,AQ3,3,AT642,4,KT4,Q965,K873,85,875,T874,J95,K3,J962,AKJ2
209,7,A9862,T8,KJT3,84,T,5432,A7,AKT763,KJ7,AQJ976,Q82,2,Q543,K,9654,QJ95
210,1,965,T9843,-,65432,Q2,J,AT86542,QT9,AKJ4,Q762,KJ,AJ8,T873,AK5,Q973,K7
211,6,K976,82,543,9762,AQ82,43,A7,AQT54,543,A9,KT962,J83,JT,KQJT765,QJ8,K
212,11,KJT92,K6,JT2,T93,Q7,AT83,A83,AQ87,A863,Q952,K64,64,54,J74,Q975,KJ52
213,5,KQ52,A65,9,JT642,T843,K7432,K842,-,A97,QJT9,Q765,85,J6,8,AJT3,AKQ973
214,8,J653,96,AK3,J876,T97,AJ2,J872,AQ9,K82,KT84,Q6,T543,AQ4,Q753,T954,K2
215,7,AJ7632,T,A872,Q2,Q8,AJ82,T53,T987,K5,Q43,96,AJ6543,T94,K9765,KQJ4,K
216,8,A9874,82,AQT7,A4,K65,KT97,K9862,3,JT,J63,J43,KJT98,Q32,AQ54,5,Q7652
217,8,32,92,Q975,A8654,AK54,KQJ63,A2,72,J86,A87,KJT3,KQJ,QT97,T54,864,T93
218,7,T2,A92,764,A8764,AQ85,65,AJ532,KQ,KJ643,Q873,T,J32,97,KJT4,KQ98,T95
219,10,62,A72,A852,QJT5,AKJ4,Q3,K43,A863,Q8,JT85,T97,K972,T9753,K964,QJ6,4
220,5,7542,872,AKQ98,3,AKJT,3,2,AJ98752,Q93,AKQJT654,74,-,86,9,JT653,KQT64
221,6,A6,A943,Q54,Q732,J9,Q62,KJ972,K84,KT43,T875,AT86,A,Q8752,KJ,3,JT965
222,7,852,985,874,AK53,AT7,J,A963,Q9762,Q43,AQ62,QJT2,84,KJ96,KT743,K5,JT
223,8,KQT854,T4,62,K98,762,A87,A3,AQ763,A,QJ6,KQ875,J542,J93,K9532,JT94,T
224,0,432,KQT9874,7,62,JT8,J3,T82,KQT53,AKQ976,A5,KJ4,A8,5,62,AQ9653,J974
225,9,AKJ3,AT8,52,Q874,52,J3,KQ764,AJ93,Q74,KQ65,AJT,KT2,T986,9742,983,65
226,7,KQJ54,AJ,542,A64,A8632,Q75,KT6,75,97,6432,A9,KQ982,T,KT98,QJ873,JT3
227,1,983,543,AJ92,T87,QJT74,Q9862,7,Q6,A5,AJT,KT6543,32,K62,K7,Q8,AKJ954
228,0,T6,T62,KJ653,K32,98542,83,A842,97,KQ,K974,Q7,QT854,AJ73,AQJ5,T9,AJ6
229,5,J542,J92,974,T94,AKQT,A43,QJ2,Q75,9863,K6,653,K632,7,QT875,AKT8,AJ8
230,3,AQ972,-,QT764,KQ2,KJ4,J763,8,J7654,-,AKQT52,K953,AT8,T8653,984,AJ2,93
231,7,532,A96,AQ76,A73,Q9,KQJT,J9852,Q6,J8,853,K3,JT9542,AKT764,742,T4,K8
232,8,A982,AQJ,AK5,752,54,K9764,972,J98,Q3,32,QJT64,AQT3,KJT76,T85,83,K64
233,9,8632,Q5,Q9762,K2,AQ4,K973,A84,AT4,KJ,AJ84,KJ3,QJ85,T975,T62,T5,9763
234,9,74,7,K54,AKJT982,KT83,AKJT63,Q96,-,AQJ965,Q5,J732,6,2,9842,AT8,Q7543
235,5,KQ42,976,T3,8542,987,KQJT83,6,AQ3,AJ5,A42,KQ9752,K,T63,5,AJ84,JT976
236,5,T965,Q65,J84,T87,KJ72,K42,-,AKJ652,A4,AT973,T976,Q3,Q83,J8,AKQ532,94
237,6,7,62,AQJ763,A854,AK853,QT,52,JT63,QJ942,985,T94,Q9,T6,AKJ743,K8,K72
238,6,43,KJ7,AJ5,Q7632,AQ95,T864,93,KT4,KJT,A5,QT874,A95,8762,Q932,K62,J8
239,11,KT4,Q4,KJ84,Q753,A,AT85,AT53,A982,763,J732,Q9762,T,QJ9852,K96,-,KJ64
240,6,Q743,AKQ98,Q6,73,JT96,762,AJ54,Q9,A52,54,872,AKJ54,K8,JT3,KT93,T862
241,6,KJ94,87,AJ9,T964,8,T54,6542,AKQ83,A532,QJ632,KT,75,QT76,AK9,Q873,J2
242,11,AJ2,KQ97,Q3,AKJ8,QT953,2,AJ972,Q3,K64,A54,KT86,942,87,JT863,54,T765
243,9,Q8652,A93,T32,A3,AKJT,T85,A4,K865,943,QJ42,K95,T94,7,K76,QJ876,QJ72
244,2,J752,643,9642,K8,AT8,QJ,AQT8,6542,K3,AK952,K7,QJ73,Q964,T87,J53,AT9
245,4,2,T8652,AKT7,T62,873,K7,QJ94,Q873,AK64,Q9,652,AJ95,QJT95,AJ43,83,K4
246,0,T653,6,KQT754,53,Q987,Q94,J92,Q86,K42,AT87532,A,KJ,AJ,KJ,863,AT9742
247,5,A9,QJ97654,8,Q95,J75,T8,965,AJT73,K63,K32,KQJT74,8,QT842,A,A32,K642
248,1,JT8,J764,Q65,A96,63,T83,J982,T543,54,AK9,AKT73,KJ2,AKQ972,Q52,4,Q87
249,5,AT86,AT86432,-,A6,K73,-,J987642,J53,94,KQ9,AK53,KT42,QJ52,J75,QT,Q987
250,5,J843,T86,J73,J54,AKQT76,A3,-,KT987,952,Q754,AT54,A6,-,KJ92,KQ9862,Q32
251,7,87,AT8,AJ3,KJ843,T62,QJ754,K6,Q65,K43,K63,Q875,T92,AQJ95,92,T942,A7
252,8,AJ8642,62,Q75,72,KQT7,AKT43,A9,Q8,5,J85,KJ864,T964,93,Q97,T32,AKJ53
253,8,J643,K95,AK,A986,A87,QT82,T4,J732,QT9,A73,J752,K54,K52,J64,Q9863,QT
254,8,A3,AJ964,AT7,732,QT864,KQ83,Q5,KQ,7,2,J9632,AT8654,KJ952,T75,K84,J9
255,7,QT6,K874,K62,A64,J853,AT652,T9,J2,A72,93,A743,KT93,K94,QJ,QJ85,Q875
256,5,K2,K85,852,AQ754,JT86,J6,QJT6,J93,AQ9,T9743,K7,T62,7543,AQ2,A943,K8
257,0,AKQ82,T,JT964,82,J754,8,75,QJT953,93,AKQJ7543,K8,6,T6,962,AQ32,AK74
258,10,AQ732,A,QJ82,732,T,KQ92,AK97,KT54,J8654,J85,653,96,K9,T7643,T4,AQJ8
259,6,K4,KQ98,AJ95,764,J5,AT42,876,KT95,AQ6,J653,QT2,AJ8,T98732,7,K43,Q32
260,8,JT98753,73,AJ9,8,A62,AT85,52,K943,Q4,K62,QT83,QJT7,K,QJ94,K764,A652
261,6,A7,K854,Q742,T63,K9,JT93,AT983,94,QT864,Q72,-,AQJ75,J532,A6,KJ65,K82
262,9,AQ,KQT,J9854,AT2,732,A986,K2,KJ63,KT964,42,AQT3,Q9,J85,J753,76,8754
263,7,AQT93,AKJT,J6,Q6,6,9765,KT952,942,J84,Q43,A84,K853,K752,82,Q73,AJT7
264,6,84,A752,843,JT87,AKJ52,Q94,AT5,43,T973,83,976,A652,Q6,KJT6,KQJ2,KQ9
265,9,JT82,K4,AT63,A86,K9,A9652,Q72,K92,Q7543,Q7,-,QJT754,A6,JT83,KJ9854,3
266,9,KT,A85,AKQT9,AT3,AJ65432,62,872,Q,Q987,KT93,653,J6,-,QJ74,J4,K987542
267,10,T9872,J7,AQJ9,Q2,KQ6,QT9832,8,AK9,A43,AK64,K653,65,J5,5,T742,JT8743
268,5,JT6,QT,Q82,98753,752,KJ95,A9,AJ64,K83,763,KJ74,KQT,AQ94,A842,T653,2
269,7,A983,Q53,AT83,T4,75,AT974,J4,KQJ5,KJT2,86,75,A9732,Q64,KJ2,KQ962,86
270,7,K3,Q874,8,AJ9653,QJ72,32,AKQ76,Q2,AT9654,6,T95,874,8,AKJT95,J432,KT
271,9,AQJ2,KQ,Q9,Q9764,85,T54,A43,AJ852,7,AJ9863,KJT75,T,KT9643,72,862,K3
272,10,AKT93,AK94,Q6,94,Q65,T75,A43,Q865,72,QJ6,987,AJ732,J84,832,KJT52,KT
273,6,K62,K42,T73,9652,Q754,AQ65,Q,AJT4,J,JT983,AK962,Q7,AT983,7,J854,K83
274,5,AJ86,-,K9762,KJ83,QT52,87632,QJ,96,K974,K954,43,T52,3,AQJT,AT85,AQ74
275,8,92,J62,AJ852,AK2,KT84,K,KT43,T643,QJ63,AQT983,Q6,8,A75,754,97,QJ975
276,7,Q87642,A,K6,T975,AK9,Q5,Q9853,QJ3,J5,JT632,J72,AK4,T3,K9874,AT4,862
277,2,T65,T73,K754,T54,KQ732,Q4,9,KJ872,AJ98,852,AJ83,A9,4,AKJ96,QT62,Q63
278,7,A,Q8763,J,Q87632,KJ93,AK9,KT8765,-,T86,J542,Q42,AT9,Q7542,T,A93,KJ54
279,9,76,AJ7,7653,Q832,KQ8,KT4,AQJT2,94,A9542,Q2,98,AKT7,JT3,98653,K4,J65
280,3,J65,3,QT98,KJT85,97,KJT862,A65,96,AKQT8,AQ4,732,A4,432,975,KJ4,Q732
281,8,A762,AKJ84,64,K3,JT5,9762,AJ952,Q,Q9843,Q3,KT3,954,K,T5,Q87,AJT8762
282,9,A82,AKQ32,KQ,AKJ,T93,J8754,T3,543,QJ7,T,6542,T9872,K654,96,AJ987,Q6
283,9,A2,A3,9874,AKQ94,QJ98,9762,AK6,87,KT53,Q84,32,T652,764,KJT5,QJT5,J3
284,4,98654,A7,T9875,J,AJ,T,AK642,Q9532,KQT2,32,QJ3,K764,73,KQJ98654,-,AT8
285,7,843,K75,AT4,AT75,AQT96,Q9,J72,K83,KJ7,JT64,Q53,Q42,52,A832,K986,J96
286,6,AQ9643,QJ9,T,542,T,843,AK754,AQ83,J75,7652,QJ82,97,K82,AKT,963,KJT6
287,6,Q54,K4,6543,A984,7,T87,KQT8,KT632,KT986,A52,J72,J5,AJ32,QJ963,A9,Q7
288,7,J754,5,KQ876,T95,AKT,K7,T953,AK87,Q83,AQ863,42,Q64,962,JT942,AJ,J32
289,7,A4,654,KQ98,6543,2,AKQ982,T3,KQ72,9763,7,AJ65,AT98,KQJT85,JT3,742,J
290,7,75,KQT2,97432,KJ,K6,8743,AKJ6,AQT,AQJT983,-,Q85,973,42,AJ965,T,86542
291,9,Q8765,AJ85,AJ5,3,-,Q9763,K4,AKJT64,AJ4,KT2,QT8,Q972,KT932,4,97632,85
292,4,J52,K642,7,Q9732,97,QJ953,AJ543,K,QT643,87,K8,A654,AK8,AT,QT962,JT8
293,6,A942,Q75,Q83,Q74,QJT8,AK2,T,KJT82,76,JT86,J954,963,K53,943,AK762,A5
294,3,Q,KQ975,T863,Q83,AKT84,AT62,954,T,J73,-,AK7,AJ97654,9652,J843,QJ2,K2
295,7,T94,AK3,AQ7,T963,QJ2,J85,J54,KJ85,K873,92,KT3,AQ42,A65,QT764,9862,7
296,4,4,KJ2,KQ765,T975,QT975,Q73,J3,Q86,AKJ,9654,AT98,K2,8632,AT8,42,AJ43
297,9,Q53,543,QJ2,AKJ3,AKT2,A876,T43,85,987,KJ92,96,Q742,J64,QT,AK875,T96
298,5,J93,A82,652,JT75,QT762,K6,AT83,96,54,QJ,KQ974,AKQ8,AK8,T97543,J,432
299,6,A932,T8,KQT93,T5,JT7,J73,A5,QJ743,KQ,96542,J864,K2,8654,AKQ,72,A986
300,4,J5,AJT543,K84,Q2,KT63,962,QJT7,74,Q97,K8,A652,AJ63,A842,Q7,93,KT985
301,6,KQ4,KT843,AJT,J9,72,J5,KQ96,87432,AT965,72,85,AK65,J83,AQ96,7432,QT
302,6,74,94,QJ6,AK8643,AKT2,86,KT985,52,Q95,AKQJT7,A7,J9,J863,532,432,QT7
303,7,QT987653,Q52,A2,-,A2,K9,J765,AKJ87,KJ,T864,T4,T9632,4,AJ73,KQ983,Q54
304,2,-,J93,KQT9542,743,T963,A852,7,QT85,AQ82,QT64,J,AK92,KJ754,K7,A863,J6
305,11,AQJ,AQT82,KJ85,6,T72,3,AQ973,AKT3,86543,J654,2,Q72,K9,K97,T64,J9854
306,7,K82,J3,T72,K8763,QT3,QT86,AK3,A52,J,K9754,J84,QJT4,A97654,A2,Q965,9
307,0,5432,J9,QT9753,9,QJT8,72,J862,Q42,K6,QT654,-,AK7653,A97,AK83,AK4,JT8
308,8,QT765,4,KQT632,A,AKJ4,653,AJ75,84,98,AKJ97,8,K9732,32,QT82,94,QJT65
309,7,Q432,K963,AK53,2,JT86,A42,642,KT9,K975,JT8,Q7,Q653,A,Q75,JT98,AJ874
310,8,9654,AK9,-,J98532,AKJ7,J7,8532,AQT,Q,QT864,QJT96,74,T832,532,AK74,K6
311,6,T762,T3,K543,AKJ,AK93,J,J96,Q9865,J854,A9865,7,T43,Q,KQ742,AQT82,72
312,5,KJT965,KT5,94,A3,4,AJ4,JT852,9752,Q32,9876,AK7,KJ8,A87,Q32,Q63,QT64
313,7,Q974,AJ976,K3,92,T6,Q85,962,AT653,J53,KT,AJT85,J74,AK82,432,Q74,KQ8
314,6,K42,Q875,QJT,K83,J853,J,K763,QJ54,A9,9643,942,A762,QT76,AKT2,A85,T9
315,7,AK53,98,32,KJ852,T9,AKT62,A9654,4,Q76,Q75,K7,AT973,J842,J43,QJT8,Q6
316,7,J73,QT63,QJ85,K9,Q,AKJ74,A63,J863,AT9865,2,T72,T52,K42,985,K94,AQ74
317,4,J762,85,JT64,T62,K53,AJT9,Q7,K954,T98,Q632,K8532,8,AQ4,K74,A9,AQJ73
318,2,J982,K6,AJT2,K53,-,AQT985432,K98,9,Q6543,7,6,QT8762,AKT7,J,Q7543,AJ4
319,2,AQT9,AT4,976,QJ7,87632,9862,53,62,K54,KQJ73,AKT,T3,J,5,QJ842,AK9854
320,8,K85,AQJ,J2,AK954,AQ,T97,853,QT873,J932,6542,Q76,J6,T764,K83,AKT94,2
321,2,KT9,J7,765,K9876,AQJ84,86,KJT8,32,6,AQT95432,-,QJT5,7532,K,AQ9432,A4
322,11,T9874,AJ7,QJ5,K3,AK,K854,AKT6,Q92,63,QT93,832,JT84,QJ52,62,974,A765
323,10,Q95,6,Q76,AKT976,KJ863,AKJ,J42,J2,AT2,Q843,KT,Q853,74,T9752,A9853,4
324,0,AJT32,952,K6,A95,Q65,J8,8543,JT73,K9,AKQT763,9,864,874,4,AQJT72,KQ2
325,9,KJ4,KJ5,KQJ3,Q83,AQ85,T73,A72,KJ6,T763,A986,964,T7,92,Q42,T85,A9542
326,4,QJ865,974,Q4,T54,K9432,AK8,K7,982,AT,J5,A9862,KJ63,7,QT632,JT53,AQ7
327,1,J954,-,J65,KQ9642,KT76,T75,T43,J75,82,A86432,AKQ7,8,AQ3,KQJ9,982,AT3
328,8,KJ8765,6,Q853,A4,AT9,AJT8743,2,Q6,Q4,52,KJT97,KT95,32,KQ9,A64,J8732
329,2,T42,JT642,QJT,82,AQ8,87,A97543,93,KJ6,AQ53,-,AKQ754,9753,K9,K862,JT6
330,4,973,A9763,K83,87,KJT82,5,754,QT54,A654,KQT8,A6,932,Q,J42,QJT92,AKJ6
331,3,T96,53,QJ932,932,A72,KQJ76,K8,T85,85,A92,A754,AQJ4,KQJ43,T84,T6,K76
332,2,QJ932,98,Q875,J6,A75,T754,KJT43,4,T84,AQ3,A92,AK72,K6,KJ62,6,QT9853
333,10,T73,7653,AJT9,75,AQJ,AQT,KQ6,KQ43,542,84,8752,AT82,K986,KJ92,43,J96
334,6,AT32,K3,A643,963,KQJ74,752,T7,QJ7,96,QT984,KQ,T854,85,AJ6,J9852,AK2
335,5,T8,873,T2,986542,AQJ6,JT64,AQJ,J7,972,92,K76543,QT,K543,AKQ5,98,AK3
336,5,AJ5,AKQ43,84,JT4,QT96,98,JT32,953,872,JT65,A5,AQ87,K43,72,KQ976,K62
337,4,JT843,K5,J95,Q62,72,872,KT82,AJ95,96,QJ63,AQ73,T43,AKQ5,AT94,64,K87
338,3,T3,K5,KT843,9753,KJ4,63,Q65,AK842,AQ98762,Q92,A2,T,5,AJT874,J97,QJ6
339,6,K7,K984,JT8,A832,J98654,AT2,A94,6,AT3,765,32,KJT97,Q2,QJ3,KQ765,Q54
340,9,QJ74,T,KJ974,Q95,983,AKQJ763,-,A82,KT52,5,AQ6532,J3,A6,9842,T8,KT764
341,5,87,AT984,A9,9653,AJ93,K53,65,Q742,KQ62,72,JT82,AT8,T54,QJ6,KQ743,KJ
342,6,J5,AT,KQ5,A98532,A4,K7432,T972,J4,KQ97632,6,AJ6,K7,T8,QJ985,843,QT6
343,10,AQ873,K4,JT6,653,-,AQT7532,AK5,QJ2,J942,J96,Q987,98,KT65,8,432,AKT74
344,6,J865,KT5,T8,AT53,A4,82,KQ942,J986,KQT92,A973,53,Q7,73,QJ64,AJ76,K42
345,6,AJ96,K,KQ95,QT95,QT543,QJ2,63,873,72,AT63,AT4,KJ62,K8,98754,J872,A4
346,3,7,K754,KQ942,632,64,J82,875,AKJ94,K32,AQT3,AJ,QT75,AQJT985,96,T63,8
347,3,KT982,T7,AKJT2,T,QJ6,652,Q5,Q7632,54,AKQ94,974,A95,A73,J83,863,KJ84
348,7,82,QT6,QJ32,Q865,AJ3,K74,4,AKT743,KQT76,95,T987,92,954,AJ832,AK65,J
349,7,3,Q863,642,AKQ85,8,AT952,AQT3,JT4,QJT765,K7,J97,92,AK942,J4,K85,763
350,5,AJ942,62,K94,K94,53,AJ754,QJT,T73,QT86,Q83,532,J82,K7,KT9,A876,AQ65
351,11,3,KQ8432,A,AQT74,QT842,AT,KT83,83,AK6,75,Q42,K9652,J975,J96,J9765,J
352,4,KT4,Q863,J92,986,Q732,K75,T876,K4,A85,94,AKQ4,Q532,J96,AJT2,53,AJT7
353,5,93,K96,KJ76,QJT6,T87,2,AT3,K97542,K42,AQ85,Q98,A83,AQJ65,JT743,542,-
354,10,9763,Q6,AK98,KQ2,KT2,AKT7432,7,65,AJ54,5,63,JT9873,Q8,J98,QJT542,A4
355,1,743,QJ5,JT86,T93,K865,9872,43,K52,AT2,AK6,Q72,AJ76,QJ9,T43,AK95,Q84
356,1,972,963,J74,Q873,KQT84,T2,6,KT942,A65,AKJ,AKT53,AJ,J3,Q8754,Q982,65
357,5,863,AKQT82,74,73,J54,96,K953,J642,KT92,J4,QT862,AQ,AQ7,753,AJ,KT985
358,8,KJ64,J863,K53,J6,A832,K2,AQ,QT832,T,QT95,82,AK9754,Q975,A74,JT9764,-
359,4,J943,T73,J984,T6,T65,QJ54,KT,K985,AQ8,K92,7532,Q74,K72,A86,AQ6,AJ32
360,3,-,KQ982,KQ98,T872,QJT86,54,7542,96,A97542,A763,T,K4,K3,JT,AJ63,AQJ53
361,10,AT,AQ85,T6,AQ543,QJ865,J7,Q94,K72,K2,KT942,J852,86,9743,63,AK73,JT9
362,7,AK8,-,KJT9742,KQ6,752,KQJT8,Q865,4,JT6,A6543,-,98732,Q943,972,A3,AJT5
363,6,KQJ2,AK9543,532,-,A63,QJ,Q964,J932,T974,82,A7,AKT64,85,T76,KJT8,Q875
364,5,A52,AT9,AKT2,982,8743,874,53,7643,T9,QJ65,8764,QJT,KQJ6,K32,QJ9,AK5
365,5,J632,J96,AJ6,K82,Q874,A5,T43,Q975,A5,QT42,KQ98,J43,KT9,K873,752,AT6
366,8,KJ,KJ874,J73,QJ3,Q9532,A9,A942,85,T6,T532,KQ65,K92,A874,Q6,T8,AT764
367,6,Q98,AJT,QJ986,AQ,75,K9863,T743,T2,AKJ6,Q72,K,K7653,T432,54,A52,J984
368,5,A62,72,QT52,AJ83,QT753,98,AK7,T74,J4,KQJT543,64,Q5,K98,A6,J983,K962
369,4,5,Q964,J943,K954,T43,AT73,AQ865,T,KJ962,8,KT7,AJ82,AQ87,KJ52,2,Q763
370,6,T52,AT84,AQ8754,-,J7,QJ752,2,KT983,K43,K93,KJ9,QJ42,AQ986,6,T63,A765
371,4,-,AJ762,KT42,9753,Q65432,854,A6,T2,JT97,KQT93,J3,64,AK8,-,Q9875,AKQJ8
372,9,K63,AK4,Q4,QJ743,J2,QJ85,KT65,A52,9875,T632,32,T86,AQT4,97,AJ987,K9
373,2,K8743,874,J4,KJ6,T96,A65,9652,932,AQ,QJ93,Q73,QT54,J52,KT2,AKT8,A87
374,3,JT654,J98,62,QJ7,AKQ7,42,743,K832,9,KQT65,QJ85,T65,832,A73,AKT9,A94
375,8,94,KQJT3,AJ,A652,KQ862,A75,T53,T4,AJT3,98,KQ9,J983,75,642,87642,KQ7
376,0,93,KT532,93,A652,K86,74,JT,JT9843,AJT72,AQ96,84,K7,Q54,J8,AKQ7652,Q
377,0,987,A8762,J865,6,J4,KQ95,T9743,K3,KT32,T,A,AJ98752,AQ65,J43,KQ2,QT4
378,8,642,Q943,AKT3,K9,Q8,AJ8,75,AJT832,J97,7652,J982,65,AKT53,KT,Q64,Q74
379,10,J974,86,AKQT64,2,AQT53,A,93,AKT97,K862,K42,J,J8543,-,QJT9753,8752,Q6
380,6,AK75,7,KQJ,JT764,62,AQ532,8654,82,9,9864,AT72,KQ93,QJT843,KJT,93,A5
381,7,AQJ8,T832,-,QT987,K76,5,AKQ72,6532,42,KQ76,T9843,K4,T953,AJ94,J65,AJ
382,7,AT83,96,A43,A652,K762,Q84,Q95,Q98,Q94,T5,JT862,J74,J5,AKJ732,K7,KT3
383,4,KJ,AJT865,64,T85,97654,43,A87,K43,A83,K72,QT532,Q2,QT2,Q9,KJ9,AJ976
384,3,Q82,52,J6,AQ9642,AKJ953,963,875,5,T76,AQ874,T43,T8,4,KJT,AKQ92,KJ73
385,8,82,43,AKJT,AT632,KQ953,KJT872,76,-,J64,A,98532,K985,AT7,Q965,Q4,QJ74
386,7,KT83,T52,J82,AQ9,Q962,864,KQ5,J72,AJ,KQ7,AT63,KT54,754,AJ93,974,863
387,13,QJ2,J983,K62,AKJ,A7,AKT54,A4,7643,T93,2,QJT985,Q92,K8654,Q76,73,T85
388,6,K83,5432,K96,T75,Q964,J,AQ84,AJ84,J75,AK96,J32,K62,AT2,QT87,T75,Q93
389,10,KT5,AJT9,AJ43,J6,J83,7,K9876,AQ74,Q42,Q652,T,KT983,A976,K843,Q52,52
390,4,AQT5,7,A73,K9763,J872,JT64,J2,J84,K64,KQ53,QT4,QT2,93,A982,K9865,A5
391,5,KQ,754,T9,KT7542,J64,986,KQ82,QJ8,AT832,AQT2,AJ75,-,975,KJ3,643,A963
392,6,A98,JT943,K98,96,J7654,AQ5,T62,J3,3,762,QJ74,AKT84,KQT2,K8,A53,Q752
393,6,QT65,75,Q643,KT3,94,KJT83,A87,AQ4,K8732,AQ92,KJ,76,AJ,64,T952,J9852
394,4,A9752,AT64,94,J6,Q3,98,KJ8732,Q32,JT8,K52,QT5,AK94,K64,QJ73,A6,T875
395,8,AQT86,QT2,QT2,Q5,4,7543,AKJ84,A42,K952,A86,765,T96,J73,KJ9,93,KJ873
396,8,T3,943,QT65,KQ73,A6,AKT62,AK4,J62,Q97,Q,J832,AT985,KJ8542,J875,97,4
397,6,74,AQT72,KJ6,A73,KQ,63,A942,T6542,AJ9865,5,T75,QJ8,T32,KJ984,Q83,K9
398,8,J962,AJ7643,A,T5,AQ,Q,Q986432,AK2,KT3,T98,T7,98764,8754,K52,KJ5,QJ3
399,6,432,63,AKQT763,8,AJ97,T9,J54,Q764,QT6,KJ842,9,T952,K85,AQ75,82,AKJ3
400,10,982,T973,KQ86,84,AT4,AK5,AJ2,KQT3,KJ75,82,954,9762,Q63,QJ64,T73,AJ5
401,5,T873,543,QJ84,T4,Q4,KT7,A762,A982,K962,A98,K93,K65,AJ5,QJ62,T5,QJ73
402,2,53,J43,K75,J7532,AQT,T865,T862,84,K962,AK72,4,AKQ6,J874,Q9,AQJ93,T9
403,2,T3,9832,T753,T75,Q982,AT65,984,A2,5,K74,KQ6,QJ9643,AKJ764,QJ,AJ2,K8
404,7,73,A432,9432,A42,AKJT2,KQ5,8,KQJ9,Q5,J97,KQJT65,63,9864,T86,A7,T875
405,8,Q97,A8,KJ753,T95,T86,J7,AQ64,AK73,J5,KT542,T82,J42,AK432,Q963,9,Q86
406,8,AQT64,K963,Q7,32,J8532,AT74,A5,KT,K7,Q85,T63,AQJ96,9,J2,KJ9842,8754
407,9,AK6,T98,T954,Q94,Q5,K5,Q82,AT8632,97432,A,A763,KJ7,JT8,QJ76432,KJ,5
408,5,T975,JT3,AKQ2,J2,K84,875,987,Q654,63,AKQ9,T654,T97,AQJ2,642,J3,AK83
409,3,KJ94,T98,7,J7652,72,AK73,Q9842,84,A53,J5,KT65,AKT9,QT86,Q642,AJ3,Q3
410,7,82,K62,94,AKQT64,K76,A74,JT5,J972,QT9,T95,AK762,53,AJ543,QJ83,Q83,8
411,9,876,9842,AQ543,T,AQJ543,KJ,K,A765,T9,63,J982,KJ982,K2,AQT75,T76,Q43
412,5,Q2,T3,Q754,KT974,T87,AK97654,AJ2,-,KJ63,2,KT98,Q653,A954,QJ8,63,AJ82
413,7,K97,AQ94,QJ,J754,T4,J5,A8742,A863,AQJ3,T762,T63,Q9,8652,K83,K95,KT2
414,1,T732,J64,42,QT75,K65,T3,5,AJ96432,-,AQ875,KQJT86,K8,AQJ984,K92,A973,-
415,7,K862,532,QJ85,A3,4,764,AKT7,KT976,AQ73,AKT9,942,J2,JT95,QJ8,63,Q854
416,3,963,AT,Q6542,982,AKT852,8,J987,J4,QJ4,J643,K3,AKQ6,7,KQ9752,AT,T753
417,5,K42,A952,6,J7642,J976,K3,JT7,KQ93,AT,QT876,9532,85,Q853,J4,AKQ84,AT
418,1,Q972,AJ54,K7,K65,6,K932,62,QJ9842,A83,QT76,QJ4,T73,KJT54,8,AT9853,A
419,5,KJ983,K952,3,J82,52,T87,KJT7,A653,A7,A4,A9652,KQT7,QT64,QJ63,Q84,94
420,6,AQ86,Q62,JT52,75,974,75,AK963,Q98,KJT2,JT8,Q,J6432,53,AK943,874,AKT
421,6,73,JT42,J43,AT32,8,KQ97,AKT86,K75,T642,A85,Q72,J64,AKQJ95,63,95,Q98
422,7,KQ3,AKQ,A9,AT765,965,J983,T765,J2,A72,652,KQJ,K983,JT84,T74,8432,Q4
423,8,KT,J985,AK65,T97,A74,AT62,Q3,K654,J853,Q73,T7,AQ32,Q962,K4,J9842,J8
424,9,T8,752,AQT52,AQ6,Q762,AKQ83,8,987,AKJ,JT6,J43,KJT4,9543,94,K976,532
425,5,QJ984,KJT8,Q7,T5,6,632,T984,AQJ97,KT5,954,AK653,62,A732,AQ7,J2,K843
426,1,J6,J754,JT7,9642,Q8,9,AQ9643,QT73,AKT54,T862,8,KJ5,9732,AKQ3,K52,A8
427,8,KT2,K6,AK542,KJ2,J984,Q7543,-,QT85,Q7,JT8,QJ83,A763,A653,A92,T976,94
428,5,T982,32,JT93,AJ6,AJ7653,A87,7,Q83,K4,K65,8654,T752,Q,QJT94,AKQ2,K94
429,9,T87,K9854,K963,6,AK52,J32,AQ4,AJT,Q9643,T76,T2,842,J,AQ,J875,KQ9753
430,2,-,96543,9642,QT86,J86432,JT8,K5,K4,AQ5,AKQ7,JT87,A9,KT97,2,AQ3,J7532
431,5,984,J2,AKQ8,QJ85,J2,K7,J543,KT962,AQ63,Q9654,92,73,KT75,AT83,T76,A4
432,2,K864,854,KT87,53,73,JT72,642,QJ82,JT92,Q9,A53,KT96,AQ5,AK63,QJ9,A74
433,8,AJ96,87,KJT5,KQT,K83,92,A63,AJ542,Q75,AKT53,9872,9,T42,QJ64,Q4,8763
434,8,JT82,AJ743,KQ4,2,K,96,AT7632,AJ97,A763,Q852,8,KQ84,Q954,KT,J95,T653
435,7,943,72,AJ6432,K4,7,AT64,KQT95,QT8,AKJ86,KQJ853,-,97,QT52,9,87,AJ6532
436,2,J82,Q2,Q4,KJ7543,AKQT94,T96,T98,9,6,J7543,AKJ,AQ62,753,AK8,76532,T8
437,3,K74,9854,642,T42,A862,Q7,A93,K653,QT5,AT62,Q75,AQJ,J93,KJ3,KJT8,987
438,3,J7,KT962,T864,T5,KT6543,8,J5,KJ64,A8,AQ54,AQ9,Q982,Q92,J73,K732,A73
439,7,A63,QT85,74,AT82,KQ,J2,QT862,Q643,J54,K9763,5,KJ97,T9872,A4,AKJ93,5
440,1,5,KJ7642,QT62,82,9842,AT5,KJ854,Q,AKQ73,83,A7,A764,JT6,Q9,93,KJT953
441,6,T96,AKJT5,J2,K43,KQJ,84,84,QJT986,A8754,62,Q765,52,32,Q973,AKT93,A7
442,9,T732,Q987,KQ42,9,8,AKJ,AJT5,AQT76,AQJ,T42,973,K843,K9654,653,86,J52
443,5,KT962,Q97,43,T62,Q84,AJT3,87,AK53,J5,K8542,KT9,Q74,A73,6,AQJ652,J98
444,9,J6,Q984,KQ5,J965,AKQ,K2,AT876,Q74,97543,T63,J4,A83,T82,AJ75,932,KT2
445,7,AT542,A7,KT,A874,K763,T83,8763,J5,J98,Q654,J95,632,Q,KJ92,AQ42,KQT9
446,7,954,Q752,AKQ8,T5,T3,A983,JT63,AK7,AJ862,KJT6,72,QJ,KQ7,4,954,986432
447,4,KT2,A94,AK832,84,843,KT52,Q96,JT7,Q65,J3,J74,KQ632,AJ97,Q876,T5,A95
448,5,AQJT,AQ863,85,85,9764,KT,KT4,T732,-,J9742,A72,AQJ96,K8532,5,QJ963,K4
449,9,J94,A985,QJT9,Q5,KQ7,Q,A7542,KT84,A83,KJT764,3,J73,T652,32,K86,A962
450,4,AQJT75,54,5,Q964,32,AQJT972,AT9,5,64,6,KJ8632,AJT3,K98,K83,Q74,K872
451,9,QT4,8764,AT87,84,-,K93,K65432,AKQ3,AK86,AQJT52,9,96,J97532,-,QJ,JT752
452,3,QJ984,82,J974,53,75,AQT976,A53,JT,A3,KJ,K862,AQ962,KT62,543,QT,K874
453,2,J74,72,QT8542,Q8,K532,QJ93,A3,732,T,AK864,KJ76,J94,AQ986,T5,9,AKT65
454,1,862,J872,9742,K8,AKQJ53,654,K6,J2,T97,AT,QT853,654,4,KQ93,AJ,AQT973
455,6,A,A95,KQJT84,T64,J9642,KQ743,53,2,87,J82,A962,J985,KQT53,T6,7,AKQ73
456,3,JT65,A6,KT97,AJ3,-,Q5432,8532,7542,42,J97,AJ6,KQT98,AKQ9873,KT8,Q4,6
457,2,8764,T,A96542,76,KQ2,9,QT3,QJ8543,AJ953,76543,8,K9,T,AKQJ82,KJ7,AT2
458,2,J63,983,J843,764,AQ95,JT54,Q,KJ83,KT82,Q72,962,A95,74,AK6,AKT75,QT2
459,4,KT953,J754,3,K54,AJ87,8,J9652,T87,2,AKT96,874,A963,Q64,Q32,AKQT,QJ2
460,5,AQJ95,AK5,AQT4,9,KT3,9432,9862,T8,6,QJ6,K,KQJ76542,8742,T87,J753,A3
461,3,KJ642,A6,952,542,T987,KT4,63,KT86,A,J95,KJT7,AQ973,Q53,Q8732,AQ84,J
462,4,Q9876,K7,Q976,J4,T,96542,A8,KQ985,K2,QT3,JT32,T632,AJ543,AJ8,K54,A7
463,8,QJ86,J74,AK9,AKT,K975,Q963,Q87,96,AT2,AT8,JT2,J874,43,K52,6543,Q532
464,4,T765432,A,73,986,-,542,AQT9854,AQ5,J9,KQ876,K,KT432,AKQ8,JT93,J62,J7
465,7,AQ853,KT7,A83,QT,T964,62,542,AK84,J7,Q98543,KQ7,93,K2,AJ,JT96,J7652
466,7,A852,532,862,JT9,Q97,A9,AK973,A52,KJT,KQT,QJ5,KQ43,643,J8764,T4,876
467,7,974,Q52,Q852,K52,A8,A98,J763,AJ63,KQ53,T743,AT,T97,JT62,KJ6,K94,Q84
468,6,QJT,KQJ2,T6,QJ76,AK9432,7,943,K83,76,T843,AQJ72,94,85,A965,K85,AT52
469,6,AQ8,K65,7,AJ7532,K543,AQ3,T4,K964,T976,T9742,Q53,Q,J2,J8,AKJ9862,T8
470,11,KQJ5,KT86,4,QT54,4,AJ732,AKJ92,A3,A9872,54,85,K862,T63,Q9,QT763,J97
471,2,KJ,Q7653,T,A8632,Q98,42,J9862,J54,65432,98,AQ4,QT9,AT7,AKJT,K753,K7
472,5,K873,J85,AK64,J6,QT62,KT6,JT832,7,A5,A72,75,KT9852,J94,Q943,Q9,AQ43
473,7,K632,J9843,6,K96,AJT7,K76,AKT5,43,Q85,Q,Q874,QJ852,94,AT52,J932,AT7
474,8,53,A5,AQ83,KJ876,AQT87,J74,T7,T54,J9,T983,J95,A932,K642,KQ62,K642,Q
475,5,K9,K7,AK643,A743,A6543,T96,98,965,QJT2,J83,Q5,JT82,87,AQ542,JT72,KQ
476,4,QJT84,86,A97,973,975,AJT7,K2,JT64,K62,Q54,T8543,K8,A3,K932,QJ6,AQ52
477,11,KT9,QJ86532,Q65,-,J52,K97,AKT9,AK6,Q86,AT,J73,QJ874,A743,4,842,T9532
478,2,975,AQ72,K64,953,KQ84,53,QJT952,J,2,J84,873,AKQ862,AJT63,KT96,A,T74
479,5,K74,K75,QT7,K932,QJ86,QJT84,92,A7,9,A96,K86543,QJ4,AT532,32,AJ,T865
480,7,Q,A62,AK83,KQ952,T4,KQJT,642,AJT3,K876,983,Q75,876,AJ9532,754,JT9,4
481,11,A7,KQ543,9854,A6,K2,972,AJ72,KQJ8,Q843,AJT,Q3,T754,JT965,86,KT6,932
482,4,843,AKQ,32,KJ543,Q75,JT8642,A76,7,AJ962,95,QJ94,Q8,KT,73,KT85,AT962
483,3,642,Q9,KT942,A83,AQ83,862,J83,752,JT7,AKJT73,-,KJ64,K95,54,AQ765,QT9
484,12,A963,AQJ9,AQ3,A4,J,6432,K5,KQJ832,85,T85,JT9874,95,KQT742,K7,62,T76
485,8,32,A,AKJ872,JT54,J954,862,QT4,A98,T7,QJT43,65,Q763,AKQ86,K975,93,K2
486,6,A5,-,KQ9754,KT873,Q8,KQJ953,J863,J,KT962,A742,T2,Q4,J743,T86,A,A9652
487,5,AJT654,43,Q,J975,3,AT852,9875,AK8,K98,QJ9,KJT4,632,Q72,K76,A632,QT4
488,9,J976,6,A2,AQ9854,KQT54,AT,K765,J3,8,KQJ9853,83,K76,A32,742,QJT94,T2
489,9,AKJT75,J,KJ7,QJ3,Q6,K9632,QT83,K8,9843,A8754,-,9764,2,QT,A96542,AT52
490,1,J985,9654,2,9832,K73,A8,J854,KQT4,AQT,KQJT72,7,J65,642,3,AKQT963,A7
491,2,K9,AJ543,74,K843,QJT5432,K9,963,5,86,Q8762,JT5,QJ9,A7,T,AKQ82,AT762
492,7,94,K83,AKJ987,76,QT8532,T,T54,KQT,J7,AJ74,63,98432,AK6,Q9652,Q2,AJ5
493,7,76,J742,A9732,Q8,92,AKQ65,QT86,A5,AK543,8,K4,KT763,QJT8,T93,J5,J942
494,13,JT832,A,AQT985,K,AQ95,J5,KJ74,AJ7,4,KQ8763,62,Q843,K76,T942,3,T9652
495,7,KT954,Q85,Q954,3,J,J74,AK86,AT986,AQ8762,T96,J,KJ7,3,AK32,T732,Q542
496,9,K9632,A,AJ96,J54,Q54,KQT754,-,AT92,AT7,83,KT85432,K,J8,J962,Q7,Q8763
497,9,KQ754,62,KQ,AK96,A,AQT7543,74,Q42,JT98,K9,AJ8,JT87,632,J8,T96532,53
498,2,JT2,Q95,JT4,AQ85,A,T3,KQ9632,9432,KQ96543,72,7,JT6,87,AKJ864,A85,K7
499,13,AJ,QT87543,KT,Q7,T42,AK9,AQ,AK964,K983,J2,6542,J83,Q765,6,J9873,T52
500,8,Q2,K64,QT8543,A6,AJT9,3,A92,QJ932,54,AQJT97,K76,KT,K8763,852,J,8754
501,10,KQ5,KQT73,A74,Q6,JT3,AJ6,QJ5,KJ93,82,9854,9863,AT2,A9764,2,KT2,8754
502,12,Q62,AQ3,AK95,AK7,AJ943,KT965,7,95,K87,874,QJ632,T8,T5,J2,T84,QJ6432
503,6,AQ5,J95,QT975,Q8,K9732,2,K84,AK76,J86,A76,J63,T943,T4,KQT843,A2,J52
504,6,K9,KJ9,A4,AJT973,T8652,AT84,T72,Q,J,Q7532,KQ986,86,AQ743,6,J53,K542
505,12,A8,J653,A7,AKQ98,9,KQ7,KJ986432,4,Q3,AT942,T5,T652,KJT76542,8,Q,J73
506,8,2,52,KJ862,JT432,AK7654,A,AT5,AQ5,QJ,QJ983,73,K987,T983,KT764,Q94,6
507,7,KJ9,T75,KJ987,A6,T864,A2,64,KQ542,A,KJ3,AQT32,T973,Q7532,Q9864,5,J8
508,11,K8753,A42,Q965,3,AQJ9,KQJ5,AJ7,A2,42,763,K8,KJT964,T6,T98,T432,Q875
509,4,KQ97,K8,984,AQT4,6,T765432,Q63,62,A432,AJ,AK52,J75,JT85,Q9,JT7,K983
510,8,9,72,AKQJ9,AQ853,T5432,KQ43,82,KJ,KQJ6,9865,T43,74,A87,AJT,765,T962
511,9,AJ965,Q5,AK8,K96,KT73,T9,J95,A832,842,76432,T73,QJ,Q,AKJ8,Q642,T754
512,4,9,T987,QJ963,A94,AJ874,QJ,7,J6532,KQT32,K642,A8,T7,65,A53,KT542,KQ8
513,10,AJ4,Q,AK8652,KT9,T95,KJT32,QJ3,J3,KQ872,A,T974,Q82,63,987654,-,A7654
514,3,74,A963,AKT32,42,952,J754,754,T76,AKQT8,QT,J96,J93,J63,K82,Q8,AKQ85
515,7,AQJ92,3,A87,AT42,K7643,J98754,T5,-,T5,KT2,K964,J653,8,AQ6,QJ32,KQ987
516,4,43,Q7,Q532,97542,AK2,JT98532,6,AK,QT98,K64,984,QJT,J765,A,AKJT7,863
517,6,T2,AJ9643,Q,8654,A96,QT,K842,KQ92,KQ873,872,JT75,T,J54,K5,A963,AJ73
518,6,98,A853,KQ743,J3,QJ64,QT,J85,Q875,T732,J976,A6,T92,AK5,K42,T92,AK64
519,6,Q,KQ43,J86,96432,A865,85,A73,AKT5,KT9432,AT7,QT42,-,J7,J962,K95,QJ87
520,12,K2,AKQJ54,9,J632,A87,T,AKQT4,KQT7,QJT963,92,8753,A,54,8763,J62,9854
521,6,KQJ5,AJT96,-,AQT8,7632,K54,32,KJ95,AT4,8732,QT7654,-,98,Q,AKJ98,76432
522,7,Q9743,T,AQ53,Q94,AK6,QJ965,97,JT2,52,AK432,KT6,853,JT8,87,J842,AK76
523,4,AT9842,83,852,QJ,3,AJ94,KT743,T43,QJ6,KQT7,A96,876,K75,652,QJ,AK952
524,5,J975,T3,65,KQ875,K8,KQ5,J72,AJ642,Q42,AJ8,KQT843,3,AT63,97642,A9,T9
525,11,A,QT7,AKT874,AT5,854,AK5,632,Q982,KT73,J942,QJ5,K4,QJ962,863,9,J763
526,8,95,86,AKT4,AT942,AJ64,AT2,973,Q87,Q873,QJ953,J6,J6,KT2,K74,Q852,K53
527,0,KT743,965,93,842,AQJ82,JT,652,KT3,96,K7,AKQJ8,AQ76,5,AQ8432,T74,J95
528,8,QJ973,Q86,AT852,-,T5,AKJ543,Q3,Q64,864,T97,KJ97,T32,AK2,2,64,AKJ9875
529,9,A954,AQ86,852,K4,732,94,AJT976,AJ,Q86,532,Q3,87532,KJT,KJT7,K4,QT96
530,3,A83,T42,QJ62,T72,JT642,3,AT83,Q93,KQ975,KQ5,7,KJ86,-,AJ9876,K954,A54
531,5,J73,AQ73,A7,T976,QT9,T6,KJ985,J42,K85,K4,QT42,AK53,A642,J9852,63,Q8
532,11,T,AQ2,AT642,AJT4,A94,K743,KQ93,82,KQ8752,JT6,-,9765,J63,985,J875,KQ3
533,9,K965,QT542,543,A,7,K8,AKQ76,KQJ94,AJ83,A9763,2,632,QT42,J,JT98,T875
534,5,A96,QJ54,972,876,J3,T962,AJ4,A954,QT42,A83,KQT8,T3,K875,K7,653,KQJ2
535,8,A853,AQ3,J52,J52,K4,9842,Q74,AK64,J976,KJT,K63,T98,QT2,765,AT98,Q73
536,8,AT872,T95,A6,QJ5,Q965,AKQ6,KJT3,8,-,J8732,42,KT9642,KJ43,4,Q9875,A73
537,7,Q8,A,QJ9543,AT52,A64,Q95,86,KJ874,J75,JT864,A72,Q9,KT932,K732,KT,63
538,4,T7,954,A875,T764,Q965,T,KT43,AQ98,4,AK82,J962,KJ32,AKJ832,QJ763,Q,5
539,4,T8654,AQ,A63,K64,J2,63,9754,JT873,K,K98754,KT8,A52,AQ973,JT2,QJ2,Q9
540,8,K9,J75,AJ74,KQT6,42,AT93,T96,A982,AQJ83,Q642,K,J53,T765,K8,Q8532,74
541,6,AQ63,AKQT7,Q,T87,K987,54,T93,KQ93,52,963,J84,A6542,JT4,J82,AK7652,J
542,2,954,8652,-,AT9876,K3,A7,QJT95,J543,AQJ82,JT9,K762,K,T76,KQ43,A843,Q2
543,8,KQ87643,6,J,KT94,AT9,K53,A87,8765,J2,AQJ74,T63,AQ3,5,T982,KQ9542,J2
544,4,72,AQJT983,T,985,J965,6,KJ65,AQ32,T84,K52,A32,KJT7,AKQ3,74,Q9874,64
545,3,Q94,9875,Q87,AT3,T86,AJT42,K962,4,K3,KQ3,AJT5,KJ85,AJ752,6,43,Q9762
546,11,874,3,KJT,AKQ732,AJT,AKQ642,974,5,K9632,75,862,J86,Q5,JT98,AQ53,T94
547,8,A86,J654,KQT74,9,QJT,A3,832,KQJT3,743,KQ2,AJ95,842,K952,T987,6,A765
548,8,A73,Q52,KQJ9,K52,JT6,AJ74,5,QJ643,Q842,K9863,AT32,-,K95,T,8764,AT987
549,6,AQ965,942,T4,T74,K7,AT87,2,KQJ862,JT2,J65,AKJ765,9,843,KQ3,Q983,A53
550,6,K72,QT754,AQ,T92,AQJT9,8,732,QJ75,654,93,T85,AK843,83,AKJ62,KJ964,6
551,7,Q87,T874,K,Q9542,AK,J96,QT75432,A,T52,A52,A86,JT87,J9643,KQ3,J9,K63
552,7,AKQ86,AQ732,T,75,3,54,KJ8752,AJT8,JT952,86,AQ,K962,74,KJT9,9643,Q43
553,8,T9652,A8,AT7,984,KQJ7,KJ5,863,K52,3,Q43,KQJ952,QJ3,A84,T9762,4,AT76
554,8,KT9,AKJ3,A65,QJ4,8632,Q4,QT84,T63,QJ7,8762,92,9852,A54,T95,KJ73,AK7
555,9,A8,KT753,J93,AJ3,K43,AQ42,K865,T8,JT975,J98,A2,Q96,Q62,6,QT74,K7542
556,4,QJ542,K,KJT753,J,T8,Q874,9,AK9876,A976,53,A62,QT42,K3,AJT962,Q84,53
557,5,J2,K953,KJ,K8732,8753,J7,A85,J964,AQT9,AQT6,QT963,-,K64,842,742,AQT5
558,5,A853,KT2,54,J986,K7,6,KQT862,K754,42,A53,AJ973,QT3,QJT96,QJ9874,-,A2
559,3,AQ543,J962,A,542,T8,7,Q98742,J983,KJ962,AT53,3,AQT,7,KQ84,KJT65,K76
560,4,972,A82,Q8,T9853,84,QJT65,KJT42,7,QJ53,K43,A9,AQ64,AKT6,97,7653,KJ2
561,6,QJ86,A75,AJT5,K9,542,T943,Q92,A82,K73,Q62,43,J7543,AT9,KJ8,K876,QT6
562,3,K865,AJT872,5,AJ,QJ43,954,K84,962,AT2,Q6,AQT96,K85,97,K3,J732,QT743
563,5,J4,Q9874,Q94,QJ8,AQ765,J65,J76,K9,KT32,K,A32,T5432,98,AT32,KT85,A76
564,7,QJT96,8,QJ32,A92,K83,Q764,AK8,K84,A7,AJT932,7,T753,542,K5,T9654,QJ6
565,4,KJT9,Q98,T5,KQ86,Q852,72,A964,973,A63,KJT3,Q732,JT,74,A654,KJ8,A542
566,3,JT2,Q97,75,AQ742,Q7643,842,K6,K96,9,AKJ65,AQ9842,8,AK85,T3,JT3,JT53
567,8,AJ92,A75,QT4,KJ7,K73,842,KJ952,Q6,T854,Q63,83,A983,Q6,KJT9,A76,T542
568,1,643,96,KQJ3,QJT2,75,A73,T8542,875,AKT982,T542,A7,K,QJ,KQJ8,96,A9643
569,7,J4,AQJT3,875,K84,K7532,7,AK6432,6,A86,9542,QJT,AT9,QT9,K86,9,QJ7532
570,7,A6,AK97,T42,KQJ8,QJT8,T52,J,T6543,K9754,Q4,A753,92,32,J863,KQ986,A7
571,9,QJ98,K965,K9752,-,A53,8,QT843,AK43,4,QJ7432,AJ,9765,KT762,AT,6,QJT82
572,9,K6,97632,K743,Q5,A72,Q5,AQ92,KJT2,Q4,AKT84,865,A83,JT9853,J,JT,9764
573,9,-,AKT94,QJT652,A4,QT85,Q752,9,KJT2,J632,3,AK74,9853,AK974,J86,83,Q76
574,5,QJT2,K4,AQ863,83,9864,Q85,K4,AT92,K3,A7632,52,KQ76,A75,JT9,JT97,J54
575,5,95,J9865,985,A76,7632,KT,AQJT,K54,KJT84,Q732,-,QJ92,AQ,A4,K76432,T83
576,11,A8,T,AQ43,KQT873,K2,AK974,8762,J5,QT964,862,KT95,2,J753,QJ53,J,A964
577,5,QT743,A3,KQ,Q632,52,JT2,932,KJ875,J9,9876,J7654,A4,AK86,KQ54,AT8,T9
578,12,AK9853,K5,K4,J93,T62,J76,AT72,AKQ,J74,QT8,86,86542,Q,A9432,QJ953,T7
579,6,Q65,KT3,A92,8542,AK73,9765,K83,63,T984,AQ8,QJT6,Q7,J2,J42,754,AKJT9
580,7,JT,Q,AJ962,AK875,AQ62,98762,K8,92,K73,J543,753,QT6,9854,AKT,QT4,J43
581,4,T942,A8,AQT865,4,J7,QJ7432,7,KQ62,AK53,95,432,AJ83,Q86,KT6,KJ9,T975
582,4,32,AKQ53,K96,AQ3,76,J76,8743,9852,AKJT985,T9,AT,K6,Q4,842,QJ52,JT74
583,5,62,J763,AJT4,963,K83,84,K9862,T75,QJ,AKQT52,53,Q42,AT9754,9,Q7,AKJ8
584,11,T2,K85,KQ7,KQJ94,AQ65,43,A95,AT32,743,AQ92,T842,65,KJ98,JT76,J63,87
585,10,AJ9643,82,7,K432,72,AQ4,AKJ93,QT6,KQ,K96,QT654,A87,T85,JT753,82,J95
586,3,Q8,AJ8,J732,9876,J76,KT762,64,542,AKT953,3,AT85,A3,42,Q954,KQ9,KQJT
587,9,AK963,Q8542,4,A4,74,AK,J732,KT953,JT52,T73,KT8,J87,Q8,J96,AQ965,Q62
588,4,7432,A9863,J,982,A5,2,KQ9875,AT76,QJT8,KQT4,642,K4,K96,J75,AT3,QJ53
589,7,AK86,K84,83,AQ65,QJT942,97,KQ72,T,5,QJT5,JT94,8732,73,A632,A65,KJ94
590,5,QT82,95,64,65432,J643,AK2,QJ5,AQ7,A75,JT6,A732,JT8,K9,Q8743,KT98,K9
591,6,K4,Q954,963,AJ74,952,AT,AK84,T952,JT86,8763,T752,Q,AQ73,KJ2,QJ,K863
592,2,AQT6,J62,43,J954,43,KQ94,T5,T7632,J752,T8,AKQ962,8,K98,A753,J87,AKQ
593,4,QJ2,QJ43,96,KQ76,KT43,K6,JT7532,4,A6,T752,KQ,JT932,9875,A98,A84,A85
594,8,AJT8,AQ2,KJ8,KT6,Q764,953,T2,J874,K95,K4,Q943,AQ32,32,JT876,A765,95
595,3,T63,K8,T86,AQ943,K4,J72,7543,T865,85,Q954,A92,KJ72,AQJ972,AT63,KQJ,-
596,4,AJ874,85,987,K32,KQ5,9,T543,AT985,62,A432,AQ2,QJ76,T93,KQJT76,KJ6,4
597,2,J8432,Q65,T65,T6,97,KJT3,J932,Q83,KQT5,A7,K4,J9742,A6,9842,AQ87,AK5
598,4,AJ2,K854,643,J62,Q97543,QJ,Q,9743,K6,9762,KT82,KQ8,T8,AT3,AJ975,AT5
599,3,AQ73,KT4,T986,K2,98542,7,3,Q98764,K,QJ852,K75,AJ53,JT6,A963,AQJ42,T
600,5,AQ93,A962,85,Q98,K85,Q5,T976,JT76,J62,KJT43,43,A52,T74,87,AKQJ2,K43
601,1,T65,T64,KQJ73,42,A94,987,98,QJ653,K,AK5,T642,AKT98,QJ8732,QJ32,A5,7
602,12,AKJ5,K842,JT43,6,T74,AQ6,AKQ7,A52,82,T95,65,T98743,Q963,J73,982,KQJ
603,6,KQ,KQJT65,3,AK43,AT752,A743,5,T96,J963,-,KQJT,QJ875,84,982,A987642,2
604,1,9742,42,QJ9432,4,J,KT97653,AT8,82,K853,8,K7,KQ7653,AQT6,AQJ,65,AJT9
605,6,K63,76,T7,KJT742,J842,AKJ542,2,A5,AQT5,QT,AJ94,Q98,97,983,KQ8653,63
606,7,AQJ,AT9,9874,JT5,4,8754,A6532,K98,KT987632,J62,Q,7,5,KQ3,KJT,AQ6432
607,9,7,KQ653,97,KJT53,KQ83,A,K632,AQ62,AJT96,JT842,Q5,9,542,97,AJT84,874
608,10,83,QJ7,K32,AT872,AQT9,AK942,A,J94,KJ42,T6,QJ9875,5,765,853,T64,KQ63
609,7,64,T972,T5,AQJ43,K75,64,AQ32,KT52,QT932,KQ3,K8764,-,AJ8,AJ85,J9,9876
610,5,93,Q86,KQJT84,J8,KQ87,72,A7,K9432,J52,KT9,965,AQ76,AT64,AJ543,32,T5
611,5,AJ53,K754,Q93,72,4,AJ8,J875,J9863,K762,T62,AKT4,AK,QT98,Q93,62,QT54
612,6,A854,AQ74,63,T52,J3,T63,AJT98,Q97,KT96,KJ82,Q4,K63,Q72,95,K752,AJ84
613,9,Q6,AQT3,JT652,A2,AJ72,KJ42,AK74,T,853,985,Q98,J854,KT94,76,3,KQ9763
614,10,A,K63,QJ9864,843,85,AT87,A7532,A9,KQ2,J95,K,KQ7652,JT97643,Q42,T,JT
615,2,A4,J963,98742,J3,QJ,T854,JT653,QT,K93,AQ2,AQ,AK975,T87652,K7,K,8642
616,7,T7,KT97,A985,Q62,AJ43,Q83,K,T9754,Q98,J42,QT74,AKJ,K652,A65,J632,83
617,5,Q9876,Q63,754,JT,K,AK42,A92,Q9853,AT2,J987,Q,A7642,J543,T5,KJT863,K
618,6,J64,A93,A765,K52,2,KJ8765,84,J863,AKQT87,-,KJT93,QT,953,QT42,Q2,A974
619,2,QT,K97,J865,J532,872,J8654,K,AKQ7,AK953,AQ,A72,T98,J64,T32,QT943,64
620,4,KJ7,Q3,AJ6,KQJ98,Q98542,2,KQ92,32,A63,JT98764,-,T74,T,AK5,T87543,A65
621,4,KJ7,973,J654,A95,9542,84,AK73,Q43,T63,Q6,QT982,J87,AQ8,AKJT52,-,KT62
622,8,Q2,Q82,K83,Q9853,J954,AK63,A7,K74,AT86,T75,QJT94,T,K73,J94,652,AJ62
623,4,QJT5,T9,T43,A983,97642,KQ,A52,Q62,K,J8753,J976,T54,A83,A642,KQ8,KJ7
624,10,A5,95432,QJ75,T5,KT3,KQ,KT843,AKQ,Q96,AT76,92,J984,J8742,J8,A6,7632
625,2,J98,J762,Q72,942,A52,Q9543,K3,T86,QT64,AT8,T985,J3,K73,K,AJ64,AKQ75
626,7,JT8,9875,A83,K86,K5,AT,KJT92,9542,63,K643,7654,QJT,AQ9742,QJ2,Q,A73
627,2,T953,43,K96,QT64,A8,-,QJT853,K8732,KQJ4,AQJT52,A2,5,762,K9876,74,AJ9
628,8,QJ54,65,KJT9,A84,AK932,KQ7,43,T73,876,92,62,KJ9652,T,AJT843,AQ875,Q
629,2,KT,AQ642,Q54,J97,95,J87,976,AQ864,J86432,T53,KT,K5,AQ7,K9,AJ832,T32
630,2,-,987543,QJ93,K86,854,K62,T62,QJ32,AQ32,AJ,AK7,AT74,KJT976,QT,854,95
631,6,K96542,8,AJ,7532,A,KQ942,KT954,QT,QJT8,-,Q872,AJ984,73,AJT7653,63,K6
632,2,K63,54,AT873,654,T95,76,KJ42,A982,74,QJ9832,Q95,J7,AQJ82,AKT,6,KQT3
633,9,KQJ8,J63,K9,JT97,53,AK87,QJT3,A62,AT9742,-,A8764,Q8,6,QT9542,52,K543
634,7,AQJ98,AK98,Q9,K3,KT6,QJT32,84,T65,742,754,A752,A84,53,6,KJT63,QJ972
635,6,7,QJT,KQJT5,KQ97,JT2,987,A984,543,K6543,2,732,JT62,AQ98,AK6543,6,A8
636,10,AJ7,T97,K84,QJ43,53,A84,AQ7653,A6,62,KJ653,JT9,T87,KQT984,Q2,2,K952
637,5,KT74,KJ98752,A4,-,AJ932,QT3,Q987,2,Q85,-,KJT65,AT943,6,A64,32,KQJ8765
638,5,964,QT954,J2,K64,KJ2,K732,KQ86,T8,AQT873,A,T3,AQ75,5,J86,A9754,J932
639,5,JT2,AJ5,QT,AQ943,Q873,KQ,984,T875,AK4,T9763,A72,J6,965,842,KJ653,K2
640,3,JT5,9862,T65,J98,K983,K,K8743,KQ5,AQ64,AQT5,Q92,62,72,J743,AJ,AT743
641,3,53,T743,J2,AT983,KJT864,A5,QT76,5,Q7,KJ862,A4,KJ74,A92,Q9,K9853,Q62
642,9,K7654,A2,T762,T8,A,QT,AK953,AJ752,Q82,KJ95,84,Q963,JT93,87643,QJ,K4
643,0,9765,63,J874,742,Q32,Q,T653,QT865,T4,AT9872,AQ2,AJ,AKJ8,KJ54,K9,K93
644,7,AJT95,A,QT83,T93,KQ7,KQT963,A72,4,82,J7,J94,AKQJ65,643,8542,K65,872
645,3,87,862,T63,KJT95,JT943,9,AK854,Q3,AK5,AQT43,J9,A74,Q62,KJ75,Q72,862
646,5,K63,KJ32,KT5,A76,T98,QT964,932,J9,QJ542,A7,J6,T832,A7,85,AQ874,KQ54
647,9,KJ42,Q,T875,QT98,AQ75,A98,KQ2,AK7,983,J753,3,J6532,T6,KT642,AJ964,4
648,4,752,A742,AQ87,73,8,QT93,953,AT854,QJT963,J,K42,KJ9,AK4,K865,JT6,Q62
649,3,T2,AQ5,J96432,K3,QJ3,8742,K,QT875,K9,KT63,A5,AJ642,A87654,J9,QT87,9
650,8,AJ52,J7,9764,A74,74,QT654,AJ8,KQ6,KQ93,9,KQT2,JT93,T86,AK832,53,852
651,6,765,AJT6,AQ,JT97,T83,742,J6,KQ864,J9,KQ983,KT75,A5,AKQ42,5,98432,32
652,2,T6,AKJ9842,62,62,J9853,-,QJT84,T94,AQ7,Q765,K753,J8,K42,T3,A9,AKQ753
653,5,T432,KJ6,84,T876,A97,93,QJT7,QJ93,QJ5,AQT872,96,A4,K86,54,AK532,K52
654,0,J,KQT62,K965,953,9632,J843,T,T862,AT84,95,432,AQJ7,KQ75,A7,AQJ87,K4
655,9,KQ976,A84,A5,AJ8,JT8,J92,8432,Q53,A2,K7,J97,T97642,543,QT653,KQT6,K
656,8,72,KT986,KT65,AT,AJ,QJ3,A72,Q9743,T984,A75,Q943,J8,KQ653,42,J8,K652
657,6,7532,K7,KQJ7,K72,KQJ,QJT532,642,Q,A964,6,T85,JT964,T8,A984,A93,A853
658,8,J96432,Q4,A842,T,AT,AKT765,KQ,QJ6,KQ7,J932,JT93,85,85,8,765,AK97432
659,9,AT9,AK98,8,KQ753,J73,JT3,QT42,AT6,KQ85,Q74,63,J982,642,652,AKJ975,4
660,7,A873,J54,QT3,A85,K94,Q832,62,KQJT,JT6,A76,AJ75,942,Q52,KT9,K984,763
661,5,K97642,K963,5,K9,QJT5,A8,JT94,Q32,8,J742,82,AJT865,A3,QT5,AKQ763,74
662,5,7,K64,JT98,AQJ63,J6,QJT7,K6432,K5,AK8542,A8,Q75,T7,QT93,9532,A,9842
663,7,T83,QJT2,92,KT97,AQJ5,5,Q864,J853,64,AK9843,J5,AQ2,K972,76,AKT73,64
664,5,A74,AT,QJ87,Q974,QJ932,J654,92,82,K65,732,AK654,J5,T8,KQ98,T3,AKT63
665,3,873,KJ85,A65,K72,AKT4,QT9743,J9,4,QJ9,A6,Q73,Q8653,652,2,KT842,AJT9
666,9,A8753,A9865,Q,J5,4,K42,AK54,A8732,KT96,QT3,9,KQ964,QJ2,J7,JT87632,T
667,8,Q93,9542,532,K75,K2,AT3,A876,AQ82,JT6,KJ87,QJ9,963,A8754,Q6,KT4,JT4
668,1,6,KJT2,852,JT873,T82,Q875,94,K642,Q973,643,AQJ76,9,AKJ54,A9,KT3,AQ5
669,2,A97,6543,54,KQ32,QJ5,J2,J9732,T76,42,KQT98,QT8,J84,KT863,A7,AK6,A95
670,5,J962,984,T97,752,AK4,T2,AQ652,AQ3,Q8753,KJ73,J,KT4,T,AQ65,K843,J986
671,6,AT43,542,872,Q95,KQ875,QJ83,A6,J4,J,AT,KQJ43,AKT62,962,K976,T95,873
672,7,QJT,K32,K94,KT82,K43,6,AJ8653,643,A72,AT984,QT,AQ9,9865,QJ75,72,J75
673,9,AJ9432,652,6,J93,85,AQJ84,AK73,K2,KQ,K73,T9,T87654,T76,T9,QJ8542,AQ
674,6,KQJT98,Q643,2,92,754,AT52,A8,QJ84,62,87,KJT96,KT53,A3,KJ9,Q7543,A76
675,8,AJ42,A54,987,Q72,T3,973,A653,AKT8,KQ8,KJ6,KT42,653,9765,QT82,QJ,J94
676,5,964,987,AQ864,83,AJT53,T4,95,AT42,KQ87,52,KJT32,96,2,AKQJ63,7,KQJ75
677,5,Q63,Q3,9532,Q932,A2,KJ874,AT7,K65,JT7,AT,KJ64,A874,K9854,9652,Q8,JT
678,8,AJT93,85,J983,75,Q642,A9,T75,AK98,K7,K743,AKQ4,QT6,85,QJT62,62,J432
679,10,AK3,T97,AJ9863,3,54,QJ64,QT,AT764,92,AK8532,K75,Q2,QJT876,-,42,KJ985
680,8,AQJ,T963,AQJT7,5,T9643,J,96,AJ843,K52,K8742,K82,KQ,87,AQ5,543,T9762
681,6,KT72,A,AKQT5,QT9,QJ854,6542,97,84,A,JT973,43,KJ632,963,KQ8,J862,A75
682,6,4,AQJ7642,AQ8,J7,KT62,953,K92,T94,QJ853,KT,J753,Q5,A97,8,T64,AK8632
683,6,AQ84,QT6,K5,KJ73,-,K85432,J62,A654,J2,A7,AQT9743,92,KT97653,J9,8,QT8
684,6,65,J983,QJT84,43,AQJ84,Q,95,AQ985,T932,AK64,3,KJT6,K7,T752,AK762,72
685,9,AT9,T9874,A72,J2,K2,A,KJ864,AT974,QJ86543,KQ6,3,Q3,7,J532,QT95,K865
686,3,AJ,J8743,974,T72,K753,6,53,AKJ653,98,K92,AKJT82,94,QT642,AQT5,Q6,Q8
687,9,K7,763,AJ2,KJ743,AT64,AKT,T875,T2,J832,Q982,K,AQ98,Q95,J54,Q9643,65
688,8,AKQJ,J94,K9,9854,T985,AKT5,AJT8,7,7,62,Q7653,AKJ63,6432,Q873,42,QT2
689,9,AQJ43,A98,43,KQJ,75,75,AKJT87,832,T82,KQJ62,9652,7,K96,T43,Q,AT9654
690,6,754,A542,98,KQT4,J93,J98,AKQJ4,J9,AK6,KT3,T53,8732,QT82,Q76,762,A65
691,9,QT,AJT43,32,AJT6,A8653,K,KQ75,Q85,J742,972,984,972,K9,Q865,AJT6,K43
692,6,982,T87,J5,AT652,KJ73,K92,K843,KQ,5,QJ643,A76,8743,AQT64,A5,QT92,J9
693,7,J9,AKJ8,AQ9,QT53,K,T762,KJ432,A94,AT7543,Q,865,KJ6,Q862,9543,T7,872
694,5,T5,KJ62,Q73,QJ86,32,A874,KT8,A743,KJ7,QT5,AJ962,K5,AQ9864,93,54,T92
695,3,874,AJ93,43,QJ95,KJ952,K64,T8,632,AQ3,Q85,AQJ97,74,T6,T72,K652,AKT8
696,7,A52,KQ4,AKQJ7,32,9864,765,962,K74,KT3,A983,T53,J86,QJ7,JT2,84,AQT95
697,8,763,AK863,A,A654,KJT854,2,Q95,KT3,Q92,J754,J874,J9,A,QT9,KT632,Q872
698,5,J95,T3,A8643,KQ8,AKQ82,9,T9,JT743,74,KQJ7642,5,A52,T63,A85,KQJ72,96
699,9,Q732,AQ42,Q852,9,AJ984,JT9,A94,Q6,T,K83,KJT,A75432,K65,765,763,KJT8
700,6,Q543,964,A5,K432,AKT62,T85,3,9876,9,KJ3,KJ9642,AQ5,J87,AQ72,QT87,JT
701,5,AQ8,QJ93,85,AQ74,J76,74,T9642,J96,T54,AT86,AJ,T532,K932,K52,KQ73,K8
702,8,974,A5,K9743,AQ3,AQ65,8764,AQ2,82,K83,K93,J865,JT4,JT2,QJT2,T,K9765
703,3,T6,AKT854,Q832,6,952,97632,96,KQJ,AJ873,QJ,J54,T32,KQ4,-,AKT7,A98754
704,3,T96,K6,K9632,964,AQ54,JT95,T75,Q5,J8732,43,AJ84,K3,K,AQ872,Q,AJT872
705,8,AK97,Q4,KQJ752,7,J654,AJ97,T8,K92,Q82,T653,A4,AJT5,T3,K82,963,Q8643
706,3,AT7,Q74,Q2,KJ765,J96,A986,864,T42,KQ852,JT5,KT,983,43,K32,AJ9753,AQ
707,9,J98,T9,AK7,K7543,AQT764,Q64,T54,Q,2,AKJ87,32,AT862,K53,532,QJ986,J9
708,4,Q32,52,T653,AKQ9,J764,JT84,J4,832,AT85,Q963,K9,T64,K9,AK7,AQ872,J75
709,3,K42,JT76,AT4,Q87,T976,Q8542,Q72,4,Q,A93,KJ9,AKJ963,AJ853,K,8653,T52
710,0,Q852,2,JT4,K8743,J6,9873,832,JT52,AKT94,KJ4,KQ65,6,73,AQT65,A97,AQ9
711,6,KQ942,96,A82,J84,AT85,T53,T9,9532,7,A742,K7653,AT7,J63,KQJ8,QJ4,KQ6
712,4,A86,AK873,9863,9,JT4,J96,T5,J8764,K975,QT4,K74,532,Q32,52,AQJ2,AKQT
713,11,87,A52,K4,JT9753,KJ6,KJ,A98,AK864,QT932,Q983,532,2,A54,T764,QJT76,Q
714,5,AKQJ6,T42,9,J985,83,KJ865,K5,Q642,T7542,Q7,JT32,K7,9,A93,AQ8764,AT3
715,5,532,J95,A873,AK7,9874,Q42,QJT,JT3,AKQT6,AT,965,Q85,J,K8763,K42,9642
716,8,2,A87,KQ874,AT93,QJ5,QT2,9653,K62,K8743,9653,T2,85,AT96,KJ4,AJ,QJ74
717,13,AQT,AQJ9,T74,A85,KJ92,K,AKQ32,K92,8543,8764,865,Q6,76,T532,J9,JT743
718,9,A98,JT5,A93,QT94,KT6,Q73,K765,AK2,7542,K96,JT842,7,QJ3,A842,Q,J8653
719,8,AJ52,92,A5,Q9432,QT3,JT64,K862,AT,K7,AKQ85,J7,KJ76,9864,73,QT943,85
720,2,A7,42,QJ98643,97,T642,T86,T2,KT43,KQ853,A753,-,J862,J9,KQJ9,AK75,AQ5
721,0,J8653,A6,J987,75,QT972,KQ842,3,T6,AK4,9753,Q5,9843,-,JT,AKT642,AKQJ2
722,10,A8754,6,T85,KQ85,Q62,AQ95,AQ4,A42,KT3,T7432,J62,J6,J9,KJ8,K973,T973
723,9,KT64,J9,AKJ,K862,32,A62,95,AJT953,QJ7,QT754,743,Q7,A985,K83,QT862,4
724,8,KJ92,5,K972,9743,AQ,AQ93,Q65,QT62,T64,T876,AJT,K85,8753,KJ42,843,AJ
725,11,KJ87,K,Q642,AQ72,Q963,QJ6,AK8,J54,AT,5432,T953,KT9,542,AT987,J7,863
726,3,763,Q6,QJ865,965,T9,AJ874,2,QJT87,AKJ84,93,K743,A4,Q52,KT52,AT9,K32
727,1,T7,T86,A932,Q873,J98632,Q4,-,KT542,AKQ5,K53,KQ876,J,4,AJ972,JT54,A96
728,8,AK92,K86,AJ42,62,JT5,A7,KQ8653,Q3,Q74,Q953,9,AJ854,863,JT42,T7,KT97
729,10,AT,A92,A43,AQ762,QJ75,QJ3,K85,954,K3,87654,T976,K3,98642,KT,QJ2,JT8
730,5,QJ54,A762,876,AJ,A8763,JT4,2,T643,9,KQ3,AQT943,KQ5,KT2,985,KJ5,9872
731,2,96,K,AT86,QT9642,K43,653,97542,85,75,Q9842,J,AKJ73,AQJT82,AJT7,KQ3,-
732,4,Q9843,AQ,T83,Q63,KT7,T85,952,A975,AJ52,964,AK4,KT8,6,KJ732,QJ76,J42
733,6,QJT2,AQ6,T5,T875,K9854,73,K642,A4,3,KJT982,AQ7,KJ2,A76,54,J983,Q963
734,5,Q52,Q8,AQ74,KJ53,98,T97,653,AQT76,KT43,K432,JT9,94,AJ76,AJ65,K82,82
735,6,J842,6,Q7,AKQT42,KQT96,54,KJT,876,A75,AKQ82,A632,3,3,JT973,9854,J95
736,6,Q7,T732,K986,865,K854,K64,AQ5,KJT,T962,QJ9,T2,A432,AJ3,A85,J743,Q97
737,6,Q92,KT3,KJT86,T3,K54,AQ6,A3,J9764,76,J8742,942,AK2,AJT83,95,Q75,Q85
738,5,QJT,Q83,J642,AK7,842,J954,A7,8632,A953,A7,QT83,QJT,K76,KT62,K95,954
739,6,A42,Q843,J875,K8,QJ,952,KQ642,J73,K87,AKJT6,T9,962,T9653,7,A3,AQT54
740,5,Q86,53,AQJ95,T32,K742,92,62,AQ874,J3,AQT87,K43,KJ9,AT95,KJ64,T87,65
741,5,-,AT865,752,JT875,KJ75,Q3,A843,A92,96432,9,KQJT6,K4,AQT8,KJ742,9,Q63
742,8,642,82,AKJ,Q9875,T,A75,Q9854,AJ42,K973,JT43,62,T63,AQJ85,KQ96,T73,K
743,11,KQ6542,8,Q42,AK2,AJ,AKJ976,J3,J54,7,Q532,AK98,Q863,T983,T4,T765,T97
744,8,J,6542,KJ64,Q973,AQT4,J8,A7,A8642,96,KT97,T953,KT5,K87532,AQ3,Q82,J
745,3,KT5,Q87,7642,Q54,A763,JT432,J,JT7,QJ982,A,Q98,K832,4,K965,AKT53,A96
746,3,962,KJ82,642,T64,AJT75,T3,Q,AK953,Q3,A6,AKJ98753,7,K84,Q9754,T,QJ82
747,4,KJ4,973,J974,954,T9,AQJ2,QT53,K62,65,K865,A6,QJT87,AQ8732,T4,K82,A3
748,10,A76543,742,QJ,A7,KQ9,QJ63,K87,QJ4,T,KT85,954,K8652,J82,A9,AT632,T93
749,8,AT,JT4,Q5,T97642,J98,982,A82,AKJ3,KQ,KQ6,KJT943,Q5,765432,A753,76,8
750,6,Q82,KJ6,AKT73,52,-,Q852,J8,AQJ8743,J764,T9743,652,9,AKT953,A,Q94,KT6
751,7,Q9752,J8,762,AK6,KT83,A9,AJ9,T543,A,KQT743,Q43,QJ9,J64,652,KT85,872
752,10,873,A93,AJ87,J87,AKQ62,5,K64,T542,J,QT8762,9532,Q6,T954,KJ4,QT,AK93
753,12,AK9,K762,AQ4,965,T76,A8,J9,AKQJT7,Q843,Q94,T86532,-,J52,JT53,K7,8432
754,3,AQJT,9,753,QJT73,K52,KQ8654,2,865,8743,AJT2,JT,AK2,96,73,AKQ9864,94
755,12,AKQJ8,8,J852,AQ7,9,A75,K4,KJT9863,42,QT963,QT97,42,T7653,KJ42,A63,5
756,5,T7,T76,AQJT,A542,K654,J98,K84,Q87,A93,Q54,6532,J93,QJ82,AK32,97,KT6
757,9,AKQ42,KQ94,-,K763,JT5,5,AQT532,Q42,973,AT3,KJ87,A95,86,J8762,964,JT8
758,6,QT742,AKQJ85,9,T,KJ3,T2,43,AQ9532,A865,43,KJT865,K,9,976,AQ72,J8764
759,6,-,AQ85,AQ642,KJ73,K32,J32,T875,984,AJ75,KT64,-,AQ652,QT9864,97,KJ93,T
760,4,A52,J84,98,QJT82,KT943,A952,T43,4,QJ8,K76,K652,AK7,76,QT3,AQJ7,9653
761,3,AQ8,95432,42,J42,T764,J,Q87653,K8,K92,AKQ7,J,QT976,J53,T86,AKT9,A53
762,5,A2,853,86432,AJT,Q654,QT,AJT,Q876,J983,9,975,95432,KT7,AKJ7642,KQ,K
763,7,AKQJ3,J42,T95,AK,42,QT5,742,T8632,T765,AK83,KQ3,54,98,976,AJ86,QJ97
764,11,Q4,T764,AKJT732,-,A9,K3,Q4,AK87652,KT863,A9,86,QJ43,J752,QJ852,95,T9
765,0,AQJ982,T9,93,K86,K63,8754,JT854,3,T75,AQ2,AKQ6,QJ4,4,KJ63,72,AT9752
766,8,943,A42,QJ63,A73,876,Q,A92,KJT864,KT52,95,K854,952,AQJ,KJT8763,T7,Q
767,4,T8743,KQ9,T93,A8,KJ,87653,KQ854,3,Q65,-,A76,KQJ9764,A92,AJT42,J2,T52
768,6,AKJ96,KJ632,3,54,7,T94,A8654,QJ93,53,Q7,KQT9,AK872,QT842,A85,J72,T6
769,9,8752,Q32,AQ,AT97,A6,K754,9853,KQJ,QT9,JT86,K62,542,KJ43,A9,JT74,863
770,3,K6,AK9,J4,AKJT82,9732,QT864,32,97,Q84,J72,AQ9875,3,AJT5,53,KT6,Q654
771,6,KJT2,KT9,QT2,985,Q974,Q5,K8543,Q4,A8,AJ763,J6,JT62,653,842,A97,AK73
772,5,-,K86,AT2,KQT8764,A8532,QJ742,987,-,T94,T9,Q643,J532,KQJ76,A53,KJ5,A9
773,5,Q4,Q73,AK63,T754,JT632,954,8,AK93,AK97,A8,Q7542,J2,85,KJT62,JT9,Q86
774,11,Q642,KJ975,AQ3,A,A75,A42,K82,QT83,JT9,T86,65,97542,K83,Q3,JT974,KJ6
775,3,AKJT,QJT96,T5,KJ,9832,752,J76,T83,Q75,843,Q3,Q7542,64,AK,AK9842,A96
776,9,AJ6,QT65,T83,K65,T87543,K8,AKJ,Q7,KQ92,72,7654,A93,-,AJ943,Q92,JT842
777,2,93,A9854,K3,K872,KJ6542,QJ32,42,T,AQ8,7,AJT9876,95,T7,KT6,Q5,AQJ643
778,1,T64,QJ983,Q,KJ93,8532,AKT54,J2,64,J7,72,T76543,T52,AKQ9,6,AK98,AQ87
779,4,AQ542,J964,K942,-,8,53,JT8,KJT9543,J96,AKQ7,AQ763,Q,KT73,T82,5,A8762
780,3,J5432,85,KJ94,72,KT,AJ973,-,JT6543,AQ96,T,A8753,K98,87,KQ642,QT62,AQ
781,3,9543,K854,AT854,-,AK72,QJ7,962,532,QJT6,A963,K73,T8,8,T2,QJ,AKQJ9764
782,10,953,K97,87,K9872,AJ4,JT2,AQ9,AT54,KQT72,Q864,K4,J3,86,A53,JT6532,Q6
783,7,K873,J,AJ98,AK98,A942,Q875,762,63,QJ5,KT3,53,QJT54,T6,A9642,KQT4,72
784,3,72,6,T764,K98432,JT854,AJT43,AQ,7,AQ3,K852,92,QJT5,K96,Q97,KJ853,A6
785,0,AKQJ9,-,T6543,432,T53,6532,AK8,J76,86,KT,J92,AKQT85,742,AQJ9874,Q7,9
786,3,K63,KJ73,AJ2,T42,7,T854,T976,9853,QJT982,-,KQ843,AK,A54,AQ962,5,QJ76
787,6,AQ963,KJ8,T,AQ82,KJ87,T52,J72,JT3,T52,AQ743,Q85,95,4,96,AK9643,K764
788,4,A73,T73,Q6,KJ876,64,K96,A98743,T4,8,QJ854,JT2,Q532,KQJT952,A2,K5,A9
789,2,AQ87,Q765,J54,85,T63,K82,Q76,7642,52,T3,AT98,AKT93,KJ94,AJ94,K32,QJ
790,4,T53,T2,QJ654,J43,AKQ7,AJ965,T8,97,92,KQ4,AK932,AT8,J864,873,7,KQ652
791,4,A963,K82,A952,85,QJ752,Q643,K7,73,T4,T,J84,KQJT942,K8,AJ975,QT63,A6
792,4,96,Q7,KJT942,K92,JT43,AK43,653,Q7,Q875,T982,Q87,A5,AK2,J65,A,JT8643
793,8,AT9,A,AQ852,J842,J82,983,KT643,A7,K75,J754,J9,Q963,Q643,KQT62,7,KT5
794,4,KJ873,Q,832,AJ83,5,T9842,QJ64,Q42,4,K76,AKT5,T9765,AQT962,AJ53,97,K
795,5,J9742,854,Q5,KJT,KT85,J632,J98,AQ,Q3,K97,AKT64,852,A6,AQT,732,97643
796,10,AJT5,KT9762,2,K4,64,A8,AQ75,J9763,3,543,J9843,AQT2,KQ9872,QJ,KT6,85
797,4,64,964,AK42,K964,-,QJ8753,8765,QJT,K98532,K,QJ9,A52,AQJT7,AT2,T3,873
798,3,J63,97,K62,QJ653,KQ72,J64,J943,72,954,Q82,T75,AKT4,AT8,AKT53,AQ8,98
799,8,T97,KQJ,985,6532,A,A83,AJ7643,AKJ,J653,T964,2,T987,KQ842,752,KQT,Q4
800,6,A9,7543,762,KJ92,KT3,KQ62,KT5,Q53,Q6542,AJ9,943,A4,J87,T8,AQJ8,T876
801,6,-,AKT5,98762,KQ94,QT953,J,J4,T7532,AK8742,Q93,A5,AJ,J6,87642,KQT3,86
802,5,QT65,7,A763,Q862,J2,KJ52,J95,9754,A9,T96,KQ42,AKJ3,K8743,AQ843,T8,T
803,6,AT,KJ9763,83,AJ4,Q543,A8,Q5,T8753,KJ7,Q542,K764,96,9862,T,AJT92,KQ2
804,6,JT6,KJ875,K3,Q82,84,T64,QJ,AKJ963,AK92,932,A9654,4,Q753,AQ,T872,T75
805,3,J,8764,J652,T942,KT,T532,A87,KJ65,Q8742,KQ9,KQ,Q87,A9653,AJ,T943,A3
806,6,J753,AK3,K62,Q32,K986,J87,AQ73,96,A42,QT96,J84,K74,QT,542,T95,AJT85
807,6,A74,KJ7,J62,Q874,Q32,Q964,Q4,K653,T865,853,AK5,AT9,KJ9,AT2,T9873,J2
808,8,Q74,852,K82,AKT3,AK5,KJ3,954,J764,T98632,94,AT6,52,J,AQT76,QJ73,Q98
809,2,A653,K5,97,87532,Q98,8643,643,QJT,72,AQ72,AQJ,K964,KJT4,JT9,KT852,A
810,9,A7542,J976,AK,A6,J963,T32,73,KJT5,Q,Q54,QT8542,Q43,KT8,AK8,J96,9872
811,4,J852,96,KJ852,97,A,AT7543,T9,A653,Q93,2,A63,KQJT84,KT764,KQJ8,Q74,2
812,5,KQ973,KQ42,8,A94,T8652,T,JT96,T85,AJ,A863,754,K763,4,J975,AKQ32,QJ2
813,10,QJ982,KT,943,AJT,5,AJ6,KQJ87,KQ85,AK6,Q8732,A65,92,T743,954,T2,7643
814,7,AJ,AQT85,Q65,A65,QT962,73,T3,KT94,K7,K94,AKJ874,Q7,8543,J62,92,J832
815,1,KQ873,K87,Q93,J2,652,Q52,J8752,T8,A4,J43,AK,AKQ963,JT9,AT96,T64,754
816,8,AQ4,A4,AT87,K987,85,832,KJ6542,42,T9632,QJT96,3,65,KJ7,K75,Q9,AQJT3
817,1,K854,95,J8654,92,9632,K32,T732,T3,AT7,QT764,Q,K654,QJ,AJ8,AK9,AQJ87
818,5,-,AQ2,Q64,KQJ8632,QJ865,9743,52,T7,AK932,KT6,KT97,9,T74,J85,AJ83,A54
819,6,A7,AJ874,964,832,QJ43,KT5,QT8,QT6,652,96,AKJ75,J97,KT98,Q32,32,AK54
820,2,642,73,8643,T962,AQT95,J62,92,KJ8,87,KT854,AQJ5,Q4,KJ3,AQ9,KT7,A753
821,3,AJ962,QT,93,T976,K7,8654,K82,Q542,T83,AKJ732,J5,A3,Q54,9,AQT764,KJ8
822,3,65,A7654,6,KQT74,T874,9832,A4,965,K92,KT,KJ9875,A3,AQJ3,QJ,QT32,J82
823,6,2,T43,Q64,QT8763,KJ984,85,AK92,KJ,Q63,AKQJ,T85,952,AT75,9762,J73,A4
824,5,KQJ65,7,J53,Q943,98,AKT986,84,JT2,AT4,J5432,AQ92,5,732,Q,KT76,AK876
825,6,AK62,AK86,QJ4,86,QT43,T4,K87652,5,95,J932,T93,J974,J87,Q75,A,AKQT32
826,2,Q6542,T,QT853,97,J983,97643,AKJ,4,AKT,K5,762,QJT86,7,AQJ82,94,AK532
827,6,AT,AJT983,Q8,Q62,982,54,AT94,AT74,KQ764,6,752,K985,J53,KQ72,KJ63,J3
828,6,A64,J96,J9762,T4,T52,Q87,A3,AQ976,973,AK54,KT4,853,KQJ8,T32,Q85,KJ2
829,7,8,AJ3,KQ2,AQT865,KQ9742,T742,84,9,J6,KQ98,AT953,72,AT53,65,J76,KJ43
830,5,A6532,A5,KQ93,82,J84,973,T765,K75,QT97,Q,A82,QJ943,K,KJT8642,J4,AT6
831,7,J873,73,AQJT9,J4,A4,AQT2,842,Q632,QT965,K9654,-,AT5,K2,J8,K7653,K987
832,4,JT8,QT54,KJ,K953,A654,A972,863,Q2,KQ2,J86,942,JT76,973,K3,AQT75,A84
833,7,3,AQ63,9532,AT53,K642,84,AQJ8,974,Q75,JT52,T74,KQ8,AJT98,K97,K6,J62
834,6,7642,QJ7432,8,J7,985,A5,KJT6,AK85,QT3,T9,9732,QT64,AKJ,K86,AQ54,932
835,7,J2,AJT53,92,A532,94,86,AJ65,KQJ94,KQ73,9742,Q84,T7,AT865,KQ,KT73,86
836,12,AKJ65,KJ9,KJ,K52,74,8752,A5,AQ974,Q8,QT6,QT873,T83,T932,A43,9642,J6
837,5,973,AJ76,6,QT964,QJ5,KQ85,Q7,AJ75,864,T93,AJT543,3,AKT2,42,K982,K82
838,8,74,97,KJ642,A953,A952,K85,AT7,K84,Q86,62,Q985,QJT6,KJT3,AQJT43,3,72
839,7,Q32,73,KT43,AQT9,KT76,Q98,82,KJ76,AJ5,AK654,AQ,532,984,JT2,J9765,84
840,7,A6,Q83,T86,AKJ85,T98,AT9,952,T742,K754,J76,KJ4,Q93,QJ32,K542,AQ73,6
841,6,Q8543,84,AT5,AJ6,A7,732,9432,KQ85,KT92,AKJ65,QJ6,9,J6,QT9,K87,T7432
842,3,-,875,JT86532,853,AQJ964,J4,A94,JT,87532,Q632,Q,K72,KT,AKT9,K7,AQ964
843,0,QJT4,T876,Q7,J96,9852,5,JT843,T54,A7,K92,AK62,AKQ3,K63,AQJ43,95,872
844,7,-,QJ96,QJ54,KQT74,KQ964,842,K8,J52,T872,AT7,A973,96,AJ53,K53,T62,A83
845,7,K9742,Q,T65,KJ52,T8,AJ86,AJ982,T6,AQJ5,42,K74,A743,63,KT9753,Q3,Q98
846,5,J942,T763,K,T743,KT75,AKJ2,A82,95,86,Q54,Q76,AQJ62,AQ3,98,JT9543,K8
847,2,K94,85,J754,8543,AT8,963,Q96,JT62,632,QJT7,AK83,Q7,QJ75,AK42,T2,AK9
848,7,KQT98,AQJ94,76,A,6532,T87,Q85,K87,J74,632,AJ42,T96,A,K5,KT93,QJ5432
849,7,52,T86432,J53,J8,KQ,AKQ9,-,A765432,A97643,7,AKQ,QT9,JT8,J5,T987642,K
850,10,AJ32,2,AQ984,AKJ,Q874,AKT98654,-,2,K9,QJ73,T752,765,T65,-,KJ63,QT9843
851,8,QJT982,J95,98,K6,A63,KQ43,A64,A92,K7,76,KJT7,QJ843,54,AT82,Q532,T75
852,3,J8743,864,K4,863,T65,AK7,T7653,K7,92,QJT532,QJ8,T4,AKQ,9,A92,AQJ952
853,3,K52,76432,AT9,72,Q94,AT5,32,T8654,J73,KQJ,KQ87,AQ9,AT86,98,J654,KJ3
854,6,AJ974,Q6,QJ9,Q72,Q53,K973,K87,J96,T6,AT4,6542,A543,K82,J852,AT3,KT8
855,7,KJ5,Q72,Q7,KQJ76,A8732,AKT4,T96,5,T94,J86,AK5,AT93,Q6,953,J8432,842
856,10,T984,KQ765,K74,A,AKJ6,AT94,QT,973,7532,J,A6532,Q84,Q,832,J98,KJT652
857,8,-,AT932,KJ6,AQT95,J86543,KQ7,85,K7,AT2,85,QT743,J62,KQ97,J64,A92,843
858,4,K96543,Q72,7,K82,T,K94,JT9843,A65,QJ8,AJ65,Q52,JT3,A72,T83,AK6,Q974
859,3,K8643,AQ9,6,9765,T75,T7653,KT4,QT,AJ,J,A98752,AKJ3,Q92,K842,QJ3,842
860,7,QJ4,4,AJ75,AK973,87,KJ6,T9632,JT2,AK3,AQT982,4,Q85,T9652,753,KQ8,64
861,11,5,AKJ7,3,AKQT853,KQT84,Q,KJT865,J,J732,9532,Q92,72,A96,T864,A74,964
862,5,K7,KQ875,Q6,J542,AJ863,A62,9732,Q,T954,J9,854,A873,Q2,T43,AKJT,KT96
863,4,32,765,J8432,J93,AT8,KQT83,K75,T6,J97654,J,Q,A8754,KQ,A942,AT96,KQ2
864,3,J4,QT97,T753,864,A52,AJ843,AQ96,2,QT6,K62,J,KQT973,K9873,5,K842,AJ5
865,2,JT842,65,K2,J543,75,AJT743,Q87,82,96,K92,AJT3,AQT7,AKQ3,Q8,9654,K96
866,4,5,43,K953,AQJ974,KT9643,86,JT86,8,AJ7,KT72,Q7,K532,Q82,AQJ95,A42,T6
867,7,AJ2,987,J5,AT432,KT98,KJ,A862,986,Q73,A54,KT74,KQJ,654,QT632,Q93,75
868,11,AK765,A93,K,J975,QT3,82,AQ54,AK32,92,JT65,JT6,QT86,J84,KQ74,98732,4
869,6,T3,3,J873,KT9832,A642,QT754,AT,A7,7,AK986,KQ942,64,KQJ985,J2,65,QJ5
870,2,K98543,T7,J43,63,AJ76,63,KQT,JT72,2,AKQJ984,A72,A8,QT,52,9865,KQ954
871,8,852,8,AKT,T97432,AJ3,AQT43,Q7,KJ8,94,K62,6542,AQ65,KQT76,J975,J983,-
872,6,KJ52,AKT6,T962,9,AQ8,QJ8432,AJ7,J,T964,95,Q83,7653,73,7,K54,AKQT842
873,8,Q973,QJ98,A7,K63,KT4,A7,T9832,Q97,J8652,T62,K6,542,A,K543,QJ54,AJT8
874,6,K97,973,J,J87643,52,AQ64,KT864,AK,43,KJT82,972,QT2,AQJT86,5,AQ53,95
875,7,T9876,T7,J876,K6,AQ42,J3,AK952,A3,KJ3,A54,T3,QJ742,5,KQ9862,Q4,T985
876,3,QJ42,Q54,QJ3,KQ8,93,JT6,964,T9762,AKT86,A9873,T7,A,75,K2,AK852,J543
877,6,A3,87,JT43,KJ864,KQ9,9642,985,AQ7,J7542,KQ5,AKQ7,2,T86,AJT3,62,T953
878,6,A42,K96,AJ62,QT5,Q763,J854,K7,963,KT5,2,Q985,KJ742,J98,AQT73,T43,A8
879,4,6,87532,974,KJ43,983,T9,AJ532,AT2,A7542,KQ,8,Q9865,KQJT,AJ64,KQT6,7
880,7,J3,KQJ87,AKT,982,T,T9542,J95,AKJ6,A9752,6,Q7642,75,KQ864,A3,83,QT43
881,4,KT6,T9872,K9,Q64,QJ974,Q64,85,A92,A853,A,T742,KJT8,2,KJ53,AQJ63,753
882,6,964,54,K754,KQ96,T2,AJ72,J2,AT753,AQ753,Q83,T8,J84,KJ8,KT96,AQ963,2
883,7,AQJ984,K84,A962,-,K65,Q52,4,T98732,2,AT93,J873,KJ54,T73,J76,KQT5,AQ6
884,9,AKJ,KQ95,K54,982,986,AT82,AJ87,J3,Q754,J4,T62,K754,T32,763,Q93,AQT6
885,6,A2,Q832,Q983,Q32,QJT9764,AK6,4,K6,8,754,AT765,AT85,K53,JT9,KJ2,J974
886,3,JT32,652,T72,KT2,AK98,84,KQ8643,6,Q74,AKQT9,AJ9,AJ,65,J73,5,Q987543
887,6,A96543,AK95,T,T7,T,T6,KQ9532,QJ93,KQJ72,J4,7,K8642,8,Q8732,AJ864,A5
888,5,9874,K54,Q,J6432,AJT,AJ63,87532,8,Q5,T87,A94,AKT95,K632,Q92,KJT6,Q7
889,6,KQ9,AK753,982,KQ,43,Q96,AQJT6,T74,865,JT82,K753,63,AJT72,4,4,AJ9852
890,8,KT7,AQJT,Q532,Q3,A85,K92,86,KT972,Q9,87654,A74,J65,J6432,3,KJT9,A84
891,7,Q65,4,KQ763,AKQ4,A94,KT73,2,JT873,J872,AJ6,JT95,62,KT3,Q9852,A84,95
892,5,QT93,8,Q9872,754,7,AKJ54,KJ5,QT86,A8642,7632,T6,KJ,KJ5,QT9,A43,A932
893,6,Q974,92,652,K864,652,KT5,AKJT8,J9,AKJT8,J874,3,Q52,3,AQ63,Q974,AT73
894,6,KT95,74,K75,JT75,J84,J96,9642,AQ4,Q7632,AQT3,AQ8,3,A,K852,JT3,K9862
895,4,A7,Q754,QT63,874,Q8432,J3,54,AJT9,K95,K2,K98,K6532,JT6,AT986,AJ72,Q
896,10,62,K8,Q86542,KT5,AKJ,AQJ94,J9,Q87,974,T7652,AKT7,2,QT853,3,3,AJ9643
897,4,6,T965,AQ74,8762,K752,KJ42,T6,QT9,A98,Q73,K985,AK3,QJT43,A8,J32,J54
898,6,AQ54,6,952,AQT96,8,J542,QT43,KJ72,J732,K,K876,8543,KT96,AQT9873,AJ,-
899,8,T85,Q3,AT976,874,AKQ3,K4,Q3,AQJ93,J,AT86,KJ854,KT2,97642,J9752,2,65
900,7,QT2,KT74,3,AT972,J3,AQ8,KJ984,J43,AK9864,963,A52,K,75,J52,QT76,Q865
901,0,J8,T9875,98532,9,K9754,643,J74,QJ,AQ3,AKQ,AKT,T832,T62,J2,Q6,AK7654
902,3,Q74,T96,AJ3,A763,5,874,Q9852,KJT5,JT8,AQJ,KT64,Q82,AK9632,K532,7,94
903,8,AT,KQ852,K984,63,8654,A3,QT63,KJ5,Q973,T97,J2,QT98,KJ2,J64,A75,A742
904,6,KT8,JT97,JT42,Q7,AQJ6,83,987,AJ84,974,A2,AKQ63,KT6,532,KQ654,5,9532
905,8,AKQ,T9764,542,Q7,9,Q853,JT63,AK65,654,KJ,AQ97,T983,JT8732,A2,K8,J42
906,6,KJ4,KT4,QJ2,QJ95,96,J87,T743,AT86,QT752,Q962,K86,4,A83,A53,A95,K732
907,4,T7643,KQ6,5,KT94,9,T85432,A32,A86,J85,A7,JT864,Q75,AKQ2,J9,KQ97,J32
908,5,A2,AKJ962,J2,762,KQJT984,8,T9,K43,73,Q5,Q65,AQJ985,65,T743,AK8743,T
909,1,T96,K76,T42,J854,8,Q543,J987653,9,75432,A9,K,AKQ62,AKQJ,JT82,AQ,T73
910,9,82,K76,Q8752,Q63,AJ5,Q2,AK6,KJT97,643,AT43,JT43,84,KQT97,J985,9,A52
911,3,-,J98642,T9,KQ863,98732,73,KQJ3,J5,K65,AKT,6542,A92,AQJT4,Q5,A87,T74
912,8,AKQ95,J2,T3,K976,J84,A973,K64,A85,73,T6,AJ8752,T42,T62,KQ854,Q9,QJ3
913,11,98765,K4,AKQ8,65,A3,53,52,AQT9873,T42,AQT76,J74,42,KQJ,J982,T963,KJ
914,6,A5,AJ93,AK863,84,T32,74,T942,KQ72,Q764,K82,Q,AJT53,KJ98,QT65,J75,96
915,7,7542,K7,AQ65,J64,QJ6,Q54,J32,AKT8,A83,T632,T97,973,KT9,AJ98,K84,Q52
916,2,952,AJT9,J84,732,T87,763,75,AJT96,43,Q42,A963,KQ84,AKQJ6,K85,KQT2,5
917,2,95,A3,AT976,9762,T7643,QT762,82,Q,AQ2,K95,KQ543,A3,KJ8,J84,J,KJT854
918,1,AJT5,J975,Q9,T42,KQ632,K83,T6,753,98,AT2,AJ4,AKQ86,74,Q64,K87532,J9
919,8,J2,T64,AJ65,A943,AT8753,A,KQ942,T,Q64,KQ98,87,KQ75,K9,J7532,T3,J862
920,8,AK7,Q3,AK753,QJ9,JT64,AT865,82,82,Q983,K42,T,KT753,52,J97,QJ964,A64
921,1,KQT72,7,J3,JT942,A94,9543,K5,KQ53,J,AKJT2,AQ9872,6,8653,Q86,T64,A87
922,6,T843,AT,T9832,K2,A9,K76,A654,Q975,52,QJ843,K,AJT64,KQJ76,952,QJ7,83
923,7,J75,K43,Q432,T95,AQT3,AJ76,K76,KJ,K6,QT985,95,A762,9842,2,AJT8,Q843
924,10,AT43,K,A952,AJ92,Q9,AQ864,J7,KT63,KJ6,J32,K863,Q85,8752,T975,QT4,74
925,8,653,AK2,AJT4,AK7,J,QJT97,Q7,JT863,AT842,654,K82,Q5,KQ97,83,9653,942
926,6,QJT74,A9753,J6,2,K985,Q86,KT7,KT8,32,KJT,Q932,7543,A6,42,A854,AQJ96
927,3,42,K962,765,AQ86,Q96,Q543,KJ32,T9,KT73,AJT,QT8,542,AJ85,87,A94,KJ73
928,3,A85,K96532,9,953,KQ632,J8,4,QJT84,J74,AT,T853,K762,T9,Q74,AKQJ762,A
929,7,KJ8,AK52,T52,543,53,73,Q764,AQJ98,AQ4,QT,AJ98,T762,T9762,J9864,K3,K
930,9,JT6,AQ985,AKJ2,A,85,T762,T6,KJ876,A,KJ3,Q9873,QT53,KQ97432,4,54,942
931,7,AJ63,K4,973,JT62,T75,932,AKT64,A8,98,AT875,Q85,K54,KQ42,QJ6,J2,Q973
932,11,AQ2,T,KQ85,AT986,KT853,K53,6,KQJ7,64,A764,AJ943,42,J97,QJ982,T72,53
933,9,95,AT4,A52,AKQ62,A2,J9732,KJ73,53,KT76,65,T94,J987,QJ843,KQ8,Q86,T4
934,7,T873,-,J982,J9873,AKJ52,KT7,Q65,AQ,Q6,A9432,AK7,KT4,94,QJ865,T43,652
935,0,J652,765,J,J6543,Q7,984,K9742,T98,AK943,T32,AQT6,7,T8,AKQJ,853,AKQ2
936,6,QJ84,63,9852,QJ3,73,AKQT4,643,AK9,AT96,J82,AQJT7,T,K52,975,K,876542
937,5,4,K,KT832,J98543,A8765,AT743,A9,7,QJT2,Q92,J5,AQT6,K93,J865,Q764,K2
938,4,KJ863,K53,983,86,T94,AJ74,QT42,72,752,T96,AK6,AK53,AQ,Q82,J75,QJT94
939,11,A,KT94,Q98,AJT73,K982,A85,K6,KQ54,QT754,7,J5432,82,J63,QJ632,AT7,96
940,3,K86,9,A9865,A962,QJT2,KT5,7,QJ754,3,AQ8762,QJT4,KT,A9754,J43,K32,83
941,6,Q5,9,A842,QT7632,J82,KQ643,K76,K4,AK6,T2,T53,AJ985,T9743,AJ875,QJ9,-
942,6,5,J98742,KQ7,964,JT87,K65,2,AKJ85,KQ,A3,AJT63,T732,A96432,QT,9854,Q
943,2,QJ,9,J864,KQ8743,984,T7632,975,A6,T765,A854,AT3,95,AK32,KQJ,KQ2,JT2
944,6,QT95,T75,K64,987,A32,AQ8,QT98,T63,74,942,AJ73,QJ52,KJ86,KJ63,52,AK4
945,8,J64,AJ82,AT53,KQ,K85,4,9762,AJ752,973,QT765,Q8,643,AQT2,K93,KJ4,T98
946,4,AKJ9,9,K62,96532,8732,K52,843,AKQ,T65,AQ63,QT97,87,Q4,JT874,AJ5,JT4
947,6,K865,K7,2,AQ9862,T973,AQT5,93,KT4,AJ42,942,8654,73,Q,J863,AKQJT7,J5
948,2,QJ9854,93,T54,J7,AK32,J7,Q8,QT532,6,A8642,K973,864,T7,KQT5,AJ62,AK9
949,7,K2,JT8,9852,AKQ5,Q84,A3,AT63,8632,T3,Q9742,KQ74,97,AJ9765,K65,J,JT4
950,0,T5,JT9876,2,J854,QJ87642,KQ3,J84,-,93,A52,A9765,T72,AK,4,KQT3,AKQ963
951,11,KQJT32,J7,Q,AQT7,A75,A852,A976,52,-,KQ63,T8532,KJ83,9864,T94,KJ4,964
952,3,KQ53,T92,KQJ43,T,AJ74,65,987,Q765,98,AKQ74,T2,A942,T62,J83,A65,KJ83
953,6,86,KJ9864,AQ5,84,KT954,T,KT62,QJ5,AJ732,-,J984,T762,Q,AQ7532,73,AK93
954,2,K4,QT8,JT84,J543,Q8,972,63,KQT982,A92,AK654,AK2,A6,JT7653,J3,Q975,7
955,4,8764,K93,T8,KJ42,JT,Q86,A953,QT53,Q2,A742,J7642,98,AK953,JT5,KQ,A76
956,3,AJ5,A92,KT64,J43,98,T86,875,T9752,KQ6,KQ75,AQ932,8,T7432,J43,J,AKQ6
957,5,J9,QT42,865,AJ73,AK65,J97,J3,K985,8732,K863,9742,2,QT4,A5,AKQT,QT64
958,10,83,863,KT63,AKQ9,AK964,AJT,Q95,32,Q75,K542,82,J754,JT2,Q97,AJ74,T86
959,7,JT873,J42,T97,J6,K94,A76,AJ6,AKT7,A52,Q53,K832,852,Q6,KT98,Q54,Q943
960,5,Q642,J32,AT76,K4,T85,AK54,J8532,8,AK7,QT9,K94,A932,J93,876,Q,QJT765
961,12,K85,JT5,AQJ42,KT,AJ7,K8,T9,AQ8642,632,AQ93,K85,J97,QT94,7642,763,53
962,4,AKT42,T2,8,A9542,753,KJ5,6532,QJ8,QJ986,Q73,AT,T63,-,A9864,KQJ974,K7
963,5,Q97652,87,JT,J64,A,Q6532,Q9742,AT,KJT3,T9,K53,9752,84,AKJ4,A86,KQ83
964,1,AKJ4,K9762,J64,6,8632,JT3,532,753,T5,54,AKT98,KQT9,Q97,AQ8,Q7,AJ842
965,5,J2,AT82,763,9762,AT9,J,AJT98,T853,843,9653,Q4,AQJ4,KQ765,KQ74,K52,K
966,9,KJ4,QJ3,AJ8542,A,AQ872,A74,-,J8543,963,82,K973,K762,T5,KT965,QT6,QT9
967,10,2,AQJ43,AK876,95,AK8543,85,T5,AK8,Q97,T92,Q32,QT43,JT6,K76,J94,J762
968,7,K75,Q874,AT76,97,J64,632,QJ84,AQ6,T8,AKJ5,K53,JT43,AQ932,T9,92,K852
969,7,54,K73,QJ5,KQJ83,96,AT86,AK62,T76,KJ87,J52,T73,A92,AQT32,Q94,984,54
970,5,A97,KJ8543,985,Q,K854,7,AK4,J9852,63,QT2,QT632,A63,QJT2,A96,J7,KT74
971,6,QT643,2,AJ962,QJ,AJ,AKJ9765,Q7,52,75,Q84,T3,AKT983,K982,T3,K854,764
972,7,QJT987,832,A3,A8,43,T964,KJ6542,6,62,AKQ,T9,975432,AK5,J75,Q87,KQJT
973,7,32,AKJ5,A874,A83,KQT6,97,J53,T754,AJ75,Q843,QT2,Q6,984,T62,K96,KJ92
974,5,AT9652,3,-,A98732,KQJ3,A874,62,JT6,874,QT652,QJ8,K5,-,KJ9,AKT97543,Q4
975,7,AQ753,K7,T7,AKJ3,86,Q842,K96,8752,KJ,J95,AQJ852,QT,T942,AT63,43,964
976,7,A,JT3,AQ73,AQJ76,KQJ9854,874,8,T9,T62,AKQ95,KJ,K43,73,62,T96542,852
977,8,874,AKQ954,AK8,8,QJ92,J3,J32,J954,AK53,86,QT75,AQ3,T6,T72,964,KT762
978,4,942,62,Q9853,A95,8653,QT85,K4,KT8,KJT7,J973,JT72,2,AQ,AK4,A6,QJ7643
979,6,95,A643,KJ,KQ965,T,KT875,Q86,8743,Q8642,Q9,T97,JT2,AKJ73,J2,A5432,A
980,7,J98753,AJ63,42,5,KQ2,Q2,AJ76,QJ86,AT4,KT8,QT85,732,6,9754,K93,AKT94
981,7,KJ84,93,QJ6,QJ53,T,AJ762,AK87,972,652,KT5,9543,T84,AQ973,Q84,T2,AK6
982,7,J73,AJ53,AQT74,3,AT9,KT982,J85,42,KQ84,64,3,AQT987,652,Q7,K962,KJ65
983,8,7,AKJT,J2,AKQ542,A652,5432,95,JT9,KQJT4,8,AT876,83,983,Q976,KQ43,76
984,9,KQT62,T9,A764,KT,J85,A52,952,AJ86,974,-,KQJ3,Q97432,A3,KQJ87643,T8,5
985,2,T832,AQJ,95,J965,J975,75,73,KQ873,KQ4,T864,AJ6,AT2,A6,K932,KQT842,4
986,7,852,Q984,T3,A753,AKT43,A63,84,QJ9,7,KJ72,K762,KT62,QJ96,T5,AQJ95,84
987,10,T32,AT654,K75,J8,KQ85,98,A2,AK953,9764,QJ2,Q96,764,AJ,K73,JT843,QT2
988,4,KQ4,KQJ9764,2,A2,J8732,-,JT854,987,T5,AT853,AQ7,KQ6,A96,2,K963,JT543
989,6,AKQ62,5,A87,KT32,975,T93,J932,AJ4,T843,Q4,KQ54,876,J,AKJ8762,T6,Q95
990,6,642,A2,J8765,A87,KT3,JT953,A9,K64,A985,K64,KT2,932,QJ7,Q87,Q43,QJT5
991,5,KQJT,AKJ2,Q32,K9,A92,T83,98765,75,863,Q964,KJ4,QJ2,754,75,AT,AT8643
992,6,976,AK862,A65,Q4,K2,Q95,973,JT763,A83,JT7,QJT8,K52,QJT54,43,K42,A98
993,7,AQ5,Q86,JT86,987,J87,AJ932,Q2,Q32,T943,754,K73,J54,K62,KT,A954,AKT6
994,3,K42,Q74,QJT74,84,-,83,K9532,AT7532,AQT75,KJT52,6,K9,J9863,A96,A8,QJ6
995,11,AJ7,J85,KT642,AQ,Q986,A9,AQ97,T98,KT42,T74,85,KJ74,53,KQ632,J3,6532
996,9,KJ762,KQ6,T95,KJ,-,AT93,KQ32,AQ873,Q985,J854,J4,T62,AT43,72,A876,954
997,2,T6432,QJ872,94,K,AQJ85,64,Q853,94,7,AKT95,K2,AQT86,K9,3,AJT76,J7532
998,7,AQJ84,Q75,KT542,-,T7,KJ9,8,AJ98754,-,AT83,AQ973,KQ32,K96532,642,J6,T6
999,9,AQ54,Q74,A,J7652,KJ,AJ862,9653,Q8,T973,9,KQ742,T43,862,KT53,JT8,AK9
